{
  "metrics": {
    "k=1": {
      "ndcg": {
        "reranked": 0.47,
        "initial": 0.5903,
        "delta": -0.12030000000000007
      },
      "map": {
        "reranked": 0.425,
        "initial": 0.51365,
        "delta": -0.08865000000000006
      },
      "recall": {
        "reranked": 0.425,
        "initial": 0.51365,
        "delta": -0.08865000000000006
      },
      "precision": {
        "reranked": 0.47,
        "initial": 0.5903,
        "delta": -0.12030000000000007
      }
    },
    "k=3": {
      "ndcg": {
        "reranked": 0.53845,
        "initial": 0.63456,
        "delta": -0.09611000000000003
      },
      "map": {
        "reranked": 0.50708,
        "initial": 0.5956,
        "delta": -0.08852000000000004
      },
      "recall": {
        "reranked": 0.58417,
        "initial": 0.6637,
        "delta": -0.07952999999999999
      },
      "precision": {
        "reranked": 0.22667,
        "initial": 0.27373,
        "delta": -0.04705999999999996
      }
    },
    "k=5": {
      "ndcg": {
        "reranked": 0.55335,
        "initial": 0.6551,
        "delta": -0.10175000000000001
      },
      "map": {
        "reranked": 0.51775,
        "initial": 0.61209,
        "delta": -0.09433999999999998
      },
      "recall": {
        "reranked": 0.6225,
        "initial": 0.71943,
        "delta": -0.09692999999999996
      },
      "precision": {
        "reranked": 0.146,
        "initial": 0.18244,
        "delta": -0.03644
      }
    },
    "k=10": {
      "ndcg": {
        "reranked": 0.57625,
        "initial": 0.67706,
        "delta": -0.10080999999999996
      },
      "map": {
        "reranked": 0.52926,
        "initial": 0.62399,
        "delta": -0.09473000000000009
      },
      "recall": {
        "reranked": 0.685,
        "initial": 0.78481,
        "delta": -0.09980999999999995
      },
      "precision": {
        "reranked": 0.084,
        "initial": 0.10263,
        "delta": -0.018629999999999994
      }
    },
    "k=20": {
      "ndcg": {
        "reranked": 0.59396,
        "initial": 0.69139,
        "delta": -0.0974299999999999
      },
      "map": {
        "reranked": 0.53504,
        "initial": 0.62929,
        "delta": -0.09425000000000006
      },
      "recall": {
        "reranked": 0.74583,
        "initial": 0.83558,
        "delta": -0.08975
      },
      "precision": {
        "reranked": 0.0475,
        "initial": 0.05629,
        "delta": -0.00879
      }
    },
    "k=100": {
      "ndcg": {
        "reranked": 0.63202,
        "initial": 0.70961,
        "delta": -0.07758999999999994
      },
      "map": {
        "reranked": 0.54078,
        "initial": 0.63283,
        "delta": -0.09204999999999997
      },
      "recall": {
        "reranked": 0.9425,
        "initial": 0.91927,
        "delta": 0.023229999999999973
      },
      "precision": {
        "reranked": 0.0119,
        "initial": 0.01305,
        "delta": -0.00115
      }
    }
  }
}