token,display_token,position,importance_score
▁obey,▁obey,6,0.0536329884678956
ed,ed,7,0.053575981238523376
▁be,▁be,5,0.05318183071890245
▁laws,▁laws,3,0.05250185935911641
▁when,▁when,8,0.05229741604649962
▁construct,▁construct,9,0.0518523510493686
ing,ing,10,0.05154755809357149
▁must,▁must,4,0.05120803778421946
▁similarity,▁similarity,2,0.050414368075716684
▁a,▁a,11,0.049791556051356614
ero,ero,12,0.049156743590364094
astic,astic,14,0.0483369744198025
el,el,13,0.04713797303707986
▁What,▁What,1,0.04147622977865297
▁of,▁of,16,0.04111184949137028
▁models,▁models,15,0.04069604760385981
ated,ated,18,0.03771117282053138
▁he,▁he,17,0.03716667202701765
▁speed,▁speed,20,0.035598147668114956
▁aircraft,▁aircraft,21,0.035517412642190334
▁high,▁high,19,0.03396181348867488
.,.,22,0.032125016547170995
