{
  "metrics": {
    "k=1": {
      "ndcg": {
        "reranked": 0.52,
        "initial": 0.5903,
        "delta": -0.07030000000000003
      },
      "map": {
        "reranked": 0.47167,
        "initial": 0.51365,
        "delta": -0.04198000000000007
      },
      "recall": {
        "reranked": 0.47167,
        "initial": 0.51365,
        "delta": -0.04198000000000007
      },
      "precision": {
        "reranked": 0.52,
        "initial": 0.5903,
        "delta": -0.07030000000000003
      }
    },
    "k=3": {
      "ndcg": {
        "reranked": 0.60488,
        "initial": 0.63456,
        "delta": -0.02968000000000004
      },
      "map": {
        "reranked": 0.56792,
        "initial": 0.5956,
        "delta": -0.027680000000000038
      },
      "recall": {
        "reranked": 0.665,
        "initial": 0.6637,
        "delta": 0.0013000000000000789
      },
      "precision": {
        "reranked": 0.26,
        "initial": 0.27373,
        "delta": -0.013729999999999964
      }
    },
    "k=5": {
      "ndcg": {
        "reranked": 0.63044,
        "initial": 0.6551,
        "delta": -0.024660000000000015
      },
      "map": {
        "reranked": 0.58679,
        "initial": 0.61209,
        "delta": -0.02529999999999999
      },
      "recall": {
        "reranked": 0.72333,
        "initial": 0.71943,
        "delta": 0.0039000000000000146
      },
      "precision": {
        "reranked": 0.176,
        "initial": 0.18244,
        "delta": -0.006440000000000001
      }
    },
    "k=10": {
      "ndcg": {
        "reranked": 0.65751,
        "initial": 0.67706,
        "delta": -0.019549999999999956
      },
      "map": {
        "reranked": 0.59986,
        "initial": 0.62399,
        "delta": -0.024130000000000096
      },
      "recall": {
        "reranked": 0.7975,
        "initial": 0.78481,
        "delta": 0.012689999999999979
      },
      "precision": {
        "reranked": 0.1,
        "initial": 0.10263,
        "delta": -0.0026299999999999935
      }
    },
    "k=20": {
      "ndcg": {
        "reranked": 0.66708,
        "initial": 0.69139,
        "delta": -0.024309999999999943
      },
      "map": {
        "reranked": 0.60352,
        "initial": 0.62929,
        "delta": -0.02577000000000007
      },
      "recall": {
        "reranked": 0.8275,
        "initial": 0.83558,
        "delta": -0.008079999999999976
      },
      "precision": {
        "reranked": 0.0535,
        "initial": 0.05629,
        "delta": -0.002790000000000001
      }
    },
    "k=100": {
      "ndcg": {
        "reranked": 0.68812,
        "initial": 0.70961,
        "delta": -0.02149000000000001
      },
      "map": {
        "reranked": 0.60665,
        "initial": 0.63283,
        "delta": -0.02617999999999998
      },
      "recall": {
        "reranked": 0.93452,
        "initial": 0.91927,
        "delta": 0.015249999999999986
      },
      "precision": {
        "reranked": 0.0123,
        "initial": 0.01305,
        "delta": -0.0007500000000000007
      }
    }
  }
}