{
  "metrics": {
    "k=1": {
      "ndcg": {
        "reranked": 0.57,
        "initial": 0.5903,
        "delta": -0.020300000000000096
      },
      "map": {
        "reranked": 0.52167,
        "initial": 0.51365,
        "delta": 0.008019999999999916
      },
      "recall": {
        "reranked": 0.52167,
        "initial": 0.51365,
        "delta": 0.008019999999999916
      },
      "precision": {
        "reranked": 0.57,
        "initial": 0.5903,
        "delta": -0.020300000000000096
      }
    },
    "k=3": {
      "ndcg": {
        "reranked": 0.63307,
        "initial": 0.63456,
        "delta": -0.0014899999999999913
      },
      "map": {
        "reranked": 0.60208,
        "initial": 0.5956,
        "delta": 0.00647999999999993
      },
      "recall": {
        "reranked": 0.675,
        "initial": 0.6637,
        "delta": 0.011300000000000088
      },
      "precision": {
        "reranked": 0.26333,
        "initial": 0.27373,
        "delta": -0.010399999999999965
      }
    },
    "k=5": {
      "ndcg": {
        "reranked": 0.66141,
        "initial": 0.6551,
        "delta": 0.006310000000000038
      },
      "map": {
        "reranked": 0.62246,
        "initial": 0.61209,
        "delta": 0.01036999999999999
      },
      "recall": {
        "reranked": 0.74167,
        "initial": 0.71943,
        "delta": 0.022240000000000038
      },
      "precision": {
        "reranked": 0.178,
        "initial": 0.18244,
        "delta": -0.0044399999999999995
      }
    },
    "k=10": {
      "ndcg": {
        "reranked": 0.68202,
        "initial": 0.67706,
        "delta": 0.0049599999999999644
      },
      "map": {
        "reranked": 0.63319,
        "initial": 0.62399,
        "delta": 0.009199999999999986
      },
      "recall": {
        "reranked": 0.79417,
        "initial": 0.78481,
        "delta": 0.009360000000000035
      },
      "precision": {
        "reranked": 0.099,
        "initial": 0.10263,
        "delta": -0.0036299999999999943
      }
    },
    "k=20": {
      "ndcg": {
        "reranked": 0.69631,
        "initial": 0.69139,
        "delta": 0.0049200000000000355
      },
      "map": {
        "reranked": 0.6382,
        "initial": 0.62929,
        "delta": 0.008909999999999973
      },
      "recall": {
        "reranked": 0.84083,
        "initial": 0.83558,
        "delta": 0.005249999999999977
      },
      "precision": {
        "reranked": 0.0545,
        "initial": 0.05629,
        "delta": -0.00179
      }
    },
    "k=100": {
      "ndcg": {
        "reranked": 0.71493,
        "initial": 0.70961,
        "delta": 0.005319999999999991
      },
      "map": {
        "reranked": 0.64108,
        "initial": 0.63283,
        "delta": 0.00824999999999998
      },
      "recall": {
        "reranked": 0.93452,
        "initial": 0.91927,
        "delta": 0.015249999999999986
      },
      "precision": {
        "reranked": 0.0123,
        "initial": 0.01305,
        "delta": -0.0007500000000000007
      }
    }
  }
}