{
  "metrics": {
    "k=1": {
      "ndcg": {
        "reranked": 0.58,
        "initial": 0.5903,
        "delta": -0.010300000000000087
      },
      "map": {
        "reranked": 0.52833,
        "initial": 0.51365,
        "delta": 0.014679999999999915
      },
      "recall": {
        "reranked": 0.52833,
        "initial": 0.51365,
        "delta": 0.014679999999999915
      },
      "precision": {
        "reranked": 0.58,
        "initial": 0.5903,
        "delta": -0.010300000000000087
      }
    },
    "k=3": {
      "ndcg": {
        "reranked": 0.62759,
        "initial": 0.63456,
        "delta": -0.006970000000000032
      },
      "map": {
        "reranked": 0.59681,
        "initial": 0.5956,
        "delta": 0.0012099999999999334
      },
      "recall": {
        "reranked": 0.66333,
        "initial": 0.6637,
        "delta": -0.00036999999999998145
      },
      "precision": {
        "reranked": 0.26,
        "initial": 0.27373,
        "delta": -0.013729999999999964
      }
    },
    "k=5": {
      "ndcg": {
        "reranked": 0.64545,
        "initial": 0.6551,
        "delta": -0.009650000000000047
      },
      "map": {
        "reranked": 0.60935,
        "initial": 0.61209,
        "delta": -0.0027400000000000757
      },
      "recall": {
        "reranked": 0.70917,
        "initial": 0.71943,
        "delta": -0.010260000000000047
      },
      "precision": {
        "reranked": 0.168,
        "initial": 0.18244,
        "delta": -0.01443999999999998
      }
    },
    "k=10": {
      "ndcg": {
        "reranked": 0.68086,
        "initial": 0.67706,
        "delta": 0.0038000000000000256
      },
      "map": {
        "reranked": 0.62884,
        "initial": 0.62399,
        "delta": 0.00484999999999991
      },
      "recall": {
        "reranked": 0.80417,
        "initial": 0.78481,
        "delta": 0.019360000000000044
      },
      "precision": {
        "reranked": 0.1,
        "initial": 0.10263,
        "delta": -0.0026299999999999935
      }
    },
    "k=20": {
      "ndcg": {
        "reranked": 0.69646,
        "initial": 0.69139,
        "delta": 0.005070000000000019
      },
      "map": {
        "reranked": 0.63447,
        "initial": 0.62929,
        "delta": 0.005179999999999962
      },
      "recall": {
        "reranked": 0.85417,
        "initial": 0.83558,
        "delta": 0.018589999999999995
      },
      "precision": {
        "reranked": 0.0555,
        "initial": 0.05629,
        "delta": -0.000789999999999999
      }
    },
    "k=100": {
      "ndcg": {
        "reranked": 0.71274,
        "initial": 0.70961,
        "delta": 0.003130000000000077
      },
      "map": {
        "reranked": 0.63696,
        "initial": 0.63283,
        "delta": 0.004129999999999967
      },
      "recall": {
        "reranked": 0.93452,
        "initial": 0.91927,
        "delta": 0.015249999999999986
      },
      "precision": {
        "reranked": 0.0123,
        "initial": 0.01305,
        "delta": -0.0007500000000000007
      }
    }
  }
}