{
  "metrics": {
    "k=1": {
      "ndcg": {
        "reranked": 0.58,
        "initial": 0.5903,
        "delta": -0.010300000000000087
      },
      "map": {
        "reranked": 0.5225,
        "initial": 0.51365,
        "delta": 0.008849999999999913
      },
      "recall": {
        "reranked": 0.5225,
        "initial": 0.51365,
        "delta": 0.008849999999999913
      },
      "precision": {
        "reranked": 0.58,
        "initial": 0.5903,
        "delta": -0.010300000000000087
      }
    },
    "k=3": {
      "ndcg": {
        "reranked": 0.64873,
        "initial": 0.63456,
        "delta": 0.014170000000000016
      },
      "map": {
        "reranked": 0.61389,
        "initial": 0.5956,
        "delta": 0.01829000000000003
      },
      "recall": {
        "reranked": 0.69417,
        "initial": 0.6637,
        "delta": 0.030469999999999997
      },
      "precision": {
        "reranked": 0.27333,
        "initial": 0.27373,
        "delta": -0.00039999999999995595
      }
    },
    "k=5": {
      "ndcg": {
        "reranked": 0.67149,
        "initial": 0.6551,
        "delta": 0.016390000000000016
      },
      "map": {
        "reranked": 0.63051,
        "initial": 0.61209,
        "delta": 0.018419999999999992
      },
      "recall": {
        "reranked": 0.74667,
        "initial": 0.71943,
        "delta": 0.02723999999999993
      },
      "precision": {
        "reranked": 0.184,
        "initial": 0.18244,
        "delta": 0.0015600000000000058
      }
    },
    "k=10": {
      "ndcg": {
        "reranked": 0.69349,
        "initial": 0.67706,
        "delta": 0.016430000000000056
      },
      "map": {
        "reranked": 0.6429,
        "initial": 0.62399,
        "delta": 0.018909999999999982
      },
      "recall": {
        "reranked": 0.80917,
        "initial": 0.78481,
        "delta": 0.024359999999999937
      },
      "precision": {
        "reranked": 0.102,
        "initial": 0.10263,
        "delta": -0.0006300000000000056
      }
    },
    "k=20": {
      "ndcg": {
        "reranked": 0.71176,
        "initial": 0.69139,
        "delta": 0.02037
      },
      "map": {
        "reranked": 0.64888,
        "initial": 0.62929,
        "delta": 0.019589999999999996
      },
      "recall": {
        "reranked": 0.86976,
        "initial": 0.83558,
        "delta": 0.03417999999999999
      },
      "precision": {
        "reranked": 0.0565,
        "initial": 0.05629,
        "delta": 0.00021000000000000185
      }
    },
    "k=100": {
      "ndcg": {
        "reranked": 0.72574,
        "initial": 0.70961,
        "delta": 0.01613000000000009
      },
      "map": {
        "reranked": 0.65171,
        "initial": 0.63283,
        "delta": 0.018880000000000008
      },
      "recall": {
        "reranked": 0.93452,
        "initial": 0.91927,
        "delta": 0.015249999999999986
      },
      "precision": {
        "reranked": 0.0123,
        "initial": 0.01305,
        "delta": -0.0007500000000000007
      }
    }
  }
}