{
  "metrics": {
    "k=1": {
      "ndcg": {
        "reranked": 0.53,
        "initial": 0.5903,
        "delta": -0.06030000000000002
      },
      "map": {
        "reranked": 0.48667,
        "initial": 0.51365,
        "delta": -0.02698000000000006
      },
      "recall": {
        "reranked": 0.48667,
        "initial": 0.51365,
        "delta": -0.02698000000000006
      },
      "precision": {
        "reranked": 0.53,
        "initial": 0.5903,
        "delta": -0.06030000000000002
      }
    },
    "k=3": {
      "ndcg": {
        "reranked": 0.6,
        "initial": 0.63456,
        "delta": -0.034560000000000035
      },
      "map": {
        "reranked": 0.56875,
        "initial": 0.5956,
        "delta": -0.02685000000000004
      },
      "recall": {
        "reranked": 0.645,
        "initial": 0.6637,
        "delta": -0.01869999999999994
      },
      "precision": {
        "reranked": 0.25333,
        "initial": 0.27373,
        "delta": -0.020399999999999974
      }
    },
    "k=5": {
      "ndcg": {
        "reranked": 0.6251,
        "initial": 0.6551,
        "delta": -0.030000000000000027
      },
      "map": {
        "reranked": 0.58425,
        "initial": 0.61209,
        "delta": -0.027839999999999976
      },
      "recall": {
        "reranked": 0.705,
        "initial": 0.71943,
        "delta": -0.014430000000000054
      },
      "precision": {
        "reranked": 0.17,
        "initial": 0.18244,
        "delta": -0.012439999999999979
      }
    },
    "k=10": {
      "ndcg": {
        "reranked": 0.65447,
        "initial": 0.67706,
        "delta": -0.02259
      },
      "map": {
        "reranked": 0.60044,
        "initial": 0.62399,
        "delta": -0.02355000000000007
      },
      "recall": {
        "reranked": 0.78667,
        "initial": 0.78481,
        "delta": 0.0018599999999999728
      },
      "precision": {
        "reranked": 0.097,
        "initial": 0.10263,
        "delta": -0.005629999999999996
      }
    },
    "k=20": {
      "ndcg": {
        "reranked": 0.66869,
        "initial": 0.69139,
        "delta": -0.022699999999999942
      },
      "map": {
        "reranked": 0.60554,
        "initial": 0.62929,
        "delta": -0.02375000000000005
      },
      "recall": {
        "reranked": 0.8325,
        "initial": 0.83558,
        "delta": -0.0030799999999999716
      },
      "precision": {
        "reranked": 0.0535,
        "initial": 0.05629,
        "delta": -0.002790000000000001
      }
    },
    "k=100": {
      "ndcg": {
        "reranked": 0.68938,
        "initial": 0.70961,
        "delta": -0.02022999999999997
      },
      "map": {
        "reranked": 0.60873,
        "initial": 0.63283,
        "delta": -0.02410000000000001
      },
      "recall": {
        "reranked": 0.93452,
        "initial": 0.91927,
        "delta": 0.015249999999999986
      },
      "precision": {
        "reranked": 0.0123,
        "initial": 0.01305,
        "delta": -0.0007500000000000007
      }
    }
  }
}