{
  "metrics": {
    "k=1": {
      "ndcg": {
        "reranked": 0.56,
        "initial": 0.5903,
        "delta": -0.030299999999999994
      },
      "map": {
        "reranked": 0.50333,
        "initial": 0.51365,
        "delta": -0.010319999999999996
      },
      "recall": {
        "reranked": 0.50333,
        "initial": 0.51365,
        "delta": -0.010319999999999996
      },
      "precision": {
        "reranked": 0.56,
        "initial": 0.5903,
        "delta": -0.030299999999999994
      }
    },
    "k=3": {
      "ndcg": {
        "reranked": 0.63895,
        "initial": 0.63456,
        "delta": 0.004390000000000005
      },
      "map": {
        "reranked": 0.60375,
        "initial": 0.5956,
        "delta": 0.00814999999999999
      },
      "recall": {
        "reranked": 0.69333,
        "initial": 0.6637,
        "delta": 0.029630000000000045
      },
      "precision": {
        "reranked": 0.27333,
        "initial": 0.27373,
        "delta": -0.00039999999999995595
      }
    },
    "k=5": {
      "ndcg": {
        "reranked": 0.66184,
        "initial": 0.6551,
        "delta": 0.006739999999999968
      },
      "map": {
        "reranked": 0.61946,
        "initial": 0.61209,
        "delta": 0.007369999999999988
      },
      "recall": {
        "reranked": 0.74833,
        "initial": 0.71943,
        "delta": 0.028900000000000037
      },
      "precision": {
        "reranked": 0.182,
        "initial": 0.18244,
        "delta": -0.00043999999999999595
      }
    },
    "k=10": {
      "ndcg": {
        "reranked": 0.68515,
        "initial": 0.67706,
        "delta": 0.008090000000000042
      },
      "map": {
        "reranked": 0.6317,
        "initial": 0.62399,
        "delta": 0.007709999999999995
      },
      "recall": {
        "reranked": 0.81417,
        "initial": 0.78481,
        "delta": 0.02935999999999994
      },
      "precision": {
        "reranked": 0.101,
        "initial": 0.10263,
        "delta": -0.0016299999999999926
      }
    },
    "k=20": {
      "ndcg": {
        "reranked": 0.69581,
        "initial": 0.69139,
        "delta": 0.0044200000000000905
      },
      "map": {
        "reranked": 0.63584,
        "initial": 0.62929,
        "delta": 0.006549999999999945
      },
      "recall": {
        "reranked": 0.84583,
        "initial": 0.83558,
        "delta": 0.010249999999999981
      },
      "precision": {
        "reranked": 0.055,
        "initial": 0.05629,
        "delta": -0.0012899999999999995
      }
    },
    "k=100": {
      "ndcg": {
        "reranked": 0.71282,
        "initial": 0.70961,
        "delta": 0.003210000000000046
      },
      "map": {
        "reranked": 0.63817,
        "initial": 0.63283,
        "delta": 0.005340000000000011
      },
      "recall": {
        "reranked": 0.93452,
        "initial": 0.91927,
        "delta": 0.015249999999999986
      },
      "precision": {
        "reranked": 0.0123,
        "initial": 0.01305,
        "delta": -0.0007500000000000007
      }
    }
  }
}