{
  "metrics": {
    "k=1": {
      "ndcg": {
        "reranked": 0.57,
        "initial": 0.5903,
        "delta": -0.020300000000000096
      },
      "map": {
        "reranked": 0.51333,
        "initial": 0.51365,
        "delta": -0.000320000000000098
      },
      "recall": {
        "reranked": 0.51333,
        "initial": 0.51365,
        "delta": -0.000320000000000098
      },
      "precision": {
        "reranked": 0.57,
        "initial": 0.5903,
        "delta": -0.020300000000000096
      }
    },
    "k=3": {
      "ndcg": {
        "reranked": 0.62747,
        "initial": 0.63456,
        "delta": -0.007090000000000041
      },
      "map": {
        "reranked": 0.59542,
        "initial": 0.5956,
        "delta": -0.000180000000000069
      },
      "recall": {
        "reranked": 0.66833,
        "initial": 0.6637,
        "delta": 0.004630000000000023
      },
      "precision": {
        "reranked": 0.26333,
        "initial": 0.27373,
        "delta": -0.010399999999999965
      }
    },
    "k=5": {
      "ndcg": {
        "reranked": 0.64295,
        "initial": 0.6551,
        "delta": -0.012149999999999994
      },
      "map": {
        "reranked": 0.60825,
        "initial": 0.61209,
        "delta": -0.0038400000000000656
      },
      "recall": {
        "reranked": 0.70417,
        "initial": 0.71943,
        "delta": -0.015260000000000051
      },
      "precision": {
        "reranked": 0.172,
        "initial": 0.18244,
        "delta": -0.010440000000000005
      }
    },
    "k=10": {
      "ndcg": {
        "reranked": 0.68003,
        "initial": 0.67706,
        "delta": 0.002970000000000028
      },
      "map": {
        "reranked": 0.62699,
        "initial": 0.62399,
        "delta": 0.0030000000000000027
      },
      "recall": {
        "reranked": 0.80583,
        "initial": 0.78481,
        "delta": 0.02102000000000004
      },
      "precision": {
        "reranked": 0.102,
        "initial": 0.10263,
        "delta": -0.0006300000000000056
      }
    },
    "k=20": {
      "ndcg": {
        "reranked": 0.68964,
        "initial": 0.69139,
        "delta": -0.0017499999999999183
      },
      "map": {
        "reranked": 0.63061,
        "initial": 0.62929,
        "delta": 0.0013199999999999878
      },
      "recall": {
        "reranked": 0.83583,
        "initial": 0.83558,
        "delta": 0.00024999999999997247
      },
      "precision": {
        "reranked": 0.0545,
        "initial": 0.05629,
        "delta": -0.00179
      }
    },
    "k=100": {
      "ndcg": {
        "reranked": 0.70963,
        "initial": 0.70961,
        "delta": 2.0000000000020002e-05
      },
      "map": {
        "reranked": 0.63386,
        "initial": 0.63283,
        "delta": 0.0010299999999999754
      },
      "recall": {
        "reranked": 0.93452,
        "initial": 0.91927,
        "delta": 0.015249999999999986
      },
      "precision": {
        "reranked": 0.0123,
        "initial": 0.01305,
        "delta": -0.0007500000000000007
      }
    }
  }
}