{
  "metrics": {
    "k=1": {
      "ndcg": {
        "reranked": 0.59,
        "initial": 0.5903,
        "delta": -0.000300000000000078
      },
      "map": {
        "reranked": 0.53833,
        "initial": 0.51365,
        "delta": 0.024679999999999924
      },
      "recall": {
        "reranked": 0.53833,
        "initial": 0.51365,
        "delta": 0.024679999999999924
      },
      "precision": {
        "reranked": 0.59,
        "initial": 0.5903,
        "delta": -0.000300000000000078
      }
    },
    "k=3": {
      "ndcg": {
        "reranked": 0.64498,
        "initial": 0.63456,
        "delta": 0.010419999999999985
      },
      "map": {
        "reranked": 0.61014,
        "initial": 0.5956,
        "delta": 0.014539999999999997
      },
      "recall": {
        "reranked": 0.69333,
        "initial": 0.6637,
        "delta": 0.029630000000000045
      },
      "precision": {
        "reranked": 0.27,
        "initial": 0.27373,
        "delta": -0.0037299999999999556
      }
    },
    "k=5": {
      "ndcg": {
        "reranked": 0.66785,
        "initial": 0.6551,
        "delta": 0.012750000000000039
      },
      "map": {
        "reranked": 0.62718,
        "initial": 0.61209,
        "delta": 0.015089999999999937
      },
      "recall": {
        "reranked": 0.74917,
        "initial": 0.71943,
        "delta": 0.02973999999999999
      },
      "precision": {
        "reranked": 0.178,
        "initial": 0.18244,
        "delta": -0.0044399999999999995
      }
    },
    "k=10": {
      "ndcg": {
        "reranked": 0.69034,
        "initial": 0.67706,
        "delta": 0.013279999999999959
      },
      "map": {
        "reranked": 0.64038,
        "initial": 0.62399,
        "delta": 0.016389999999999905
      },
      "recall": {
        "reranked": 0.8075,
        "initial": 0.78481,
        "delta": 0.022689999999999988
      },
      "precision": {
        "reranked": 0.101,
        "initial": 0.10263,
        "delta": -0.0016299999999999926
      }
    },
    "k=20": {
      "ndcg": {
        "reranked": 0.70779,
        "initial": 0.69139,
        "delta": 0.01640000000000008
      },
      "map": {
        "reranked": 0.64598,
        "initial": 0.62929,
        "delta": 0.016689999999999983
      },
      "recall": {
        "reranked": 0.8656,
        "initial": 0.83558,
        "delta": 0.030020000000000047
      },
      "precision": {
        "reranked": 0.0565,
        "initial": 0.05629,
        "delta": 0.00021000000000000185
      }
    },
    "k=100": {
      "ndcg": {
        "reranked": 0.72152,
        "initial": 0.70961,
        "delta": 0.011910000000000087
      },
      "map": {
        "reranked": 0.64812,
        "initial": 0.63283,
        "delta": 0.015290000000000026
      },
      "recall": {
        "reranked": 0.93452,
        "initial": 0.91927,
        "delta": 0.015249999999999986
      },
      "precision": {
        "reranked": 0.0123,
        "initial": 0.01305,
        "delta": -0.0007500000000000007
      }
    }
  }
}