{
  "metrics": {
    "k=1": {
      "ndcg": {
        "reranked": 0.56,
        "initial": 0.5903,
        "delta": -0.030299999999999994
      },
      "map": {
        "reranked": 0.51667,
        "initial": 0.51365,
        "delta": 0.0030199999999999116
      },
      "recall": {
        "reranked": 0.51667,
        "initial": 0.51365,
        "delta": 0.0030199999999999116
      },
      "precision": {
        "reranked": 0.56,
        "initial": 0.5903,
        "delta": -0.030299999999999994
      }
    },
    "k=3": {
      "ndcg": {
        "reranked": 0.62063,
        "initial": 0.63456,
        "delta": -0.013929999999999998
      },
      "map": {
        "reranked": 0.59208,
        "initial": 0.5956,
        "delta": -0.0035199999999999676
      },
      "recall": {
        "reranked": 0.66,
        "initial": 0.6637,
        "delta": -0.0036999999999999256
      },
      "precision": {
        "reranked": 0.25667,
        "initial": 0.27373,
        "delta": -0.017059999999999964
      }
    },
    "k=5": {
      "ndcg": {
        "reranked": 0.64523,
        "initial": 0.6551,
        "delta": -0.009870000000000045
      },
      "map": {
        "reranked": 0.60683,
        "initial": 0.61209,
        "delta": -0.005260000000000042
      },
      "recall": {
        "reranked": 0.72,
        "initial": 0.71943,
        "delta": 0.0005699999999999594
      },
      "precision": {
        "reranked": 0.17,
        "initial": 0.18244,
        "delta": -0.012439999999999979
      }
    },
    "k=10": {
      "ndcg": {
        "reranked": 0.67081,
        "initial": 0.67706,
        "delta": -0.006249999999999978
      },
      "map": {
        "reranked": 0.62185,
        "initial": 0.62399,
        "delta": -0.0021400000000000308
      },
      "recall": {
        "reranked": 0.78667,
        "initial": 0.78481,
        "delta": 0.0018599999999999728
      },
      "precision": {
        "reranked": 0.097,
        "initial": 0.10263,
        "delta": -0.005629999999999996
      }
    },
    "k=20": {
      "ndcg": {
        "reranked": 0.68888,
        "initial": 0.69139,
        "delta": -0.002509999999999901
      },
      "map": {
        "reranked": 0.62844,
        "initial": 0.62929,
        "delta": -0.0008500000000000174
      },
      "recall": {
        "reranked": 0.84583,
        "initial": 0.83558,
        "delta": 0.010249999999999981
      },
      "precision": {
        "reranked": 0.0545,
        "initial": 0.05629,
        "delta": -0.00179
      }
    },
    "k=100": {
      "ndcg": {
        "reranked": 0.70671,
        "initial": 0.70961,
        "delta": -0.0029000000000000137
      },
      "map": {
        "reranked": 0.63101,
        "initial": 0.63283,
        "delta": -0.0018200000000000438
      },
      "recall": {
        "reranked": 0.93452,
        "initial": 0.91927,
        "delta": 0.015249999999999986
      },
      "precision": {
        "reranked": 0.0123,
        "initial": 0.01305,
        "delta": -0.0007500000000000007
      }
    }
  }
}