{
  "metrics": {
    "k=1": {
      "ndcg": {
        "reranked": 0.49,
        "initial": 0.5903,
        "delta": -0.10030000000000006
      },
      "map": {
        "reranked": 0.4425,
        "initial": 0.51365,
        "delta": -0.07115000000000005
      },
      "recall": {
        "reranked": 0.4425,
        "initial": 0.51365,
        "delta": -0.07115000000000005
      },
      "precision": {
        "reranked": 0.49,
        "initial": 0.5903,
        "delta": -0.10030000000000006
      }
    },
    "k=3": {
      "ndcg": {
        "reranked": 0.56515,
        "initial": 0.63456,
        "delta": -0.06940999999999997
      },
      "map": {
        "reranked": 0.53153,
        "initial": 0.5956,
        "delta": -0.06407000000000007
      },
      "recall": {
        "reranked": 0.60917,
        "initial": 0.6637,
        "delta": -0.05452999999999997
      },
      "precision": {
        "reranked": 0.24333,
        "initial": 0.27373,
        "delta": -0.030399999999999983
      }
    },
    "k=5": {
      "ndcg": {
        "reranked": 0.5827,
        "initial": 0.6551,
        "delta": -0.07240000000000002
      },
      "map": {
        "reranked": 0.54519,
        "initial": 0.61209,
        "delta": -0.06690000000000007
      },
      "recall": {
        "reranked": 0.6525,
        "initial": 0.71943,
        "delta": -0.06693000000000005
      },
      "precision": {
        "reranked": 0.16,
        "initial": 0.18244,
        "delta": -0.022439999999999988
      }
    },
    "k=10": {
      "ndcg": {
        "reranked": 0.61797,
        "initial": 0.67706,
        "delta": -0.059089999999999976
      },
      "map": {
        "reranked": 0.56275,
        "initial": 0.62399,
        "delta": -0.06124000000000007
      },
      "recall": {
        "reranked": 0.75,
        "initial": 0.78481,
        "delta": -0.03481000000000001
      },
      "precision": {
        "reranked": 0.095,
        "initial": 0.10263,
        "delta": -0.007629999999999998
      }
    },
    "k=20": {
      "ndcg": {
        "reranked": 0.63875,
        "initial": 0.69139,
        "delta": -0.05263999999999991
      },
      "map": {
        "reranked": 0.56934,
        "initial": 0.62929,
        "delta": -0.05995000000000006
      },
      "recall": {
        "reranked": 0.82583,
        "initial": 0.83558,
        "delta": -0.009750000000000036
      },
      "precision": {
        "reranked": 0.053,
        "initial": 0.05629,
        "delta": -0.0032900000000000013
      }
    },
    "k=100": {
      "ndcg": {
        "reranked": 0.66135,
        "initial": 0.70961,
        "delta": -0.04825999999999997
      },
      "map": {
        "reranked": 0.57312,
        "initial": 0.63283,
        "delta": -0.05971000000000004
      },
      "recall": {
        "reranked": 0.93452,
        "initial": 0.91927,
        "delta": 0.015249999999999986
      },
      "precision": {
        "reranked": 0.0123,
        "initial": 0.01305,
        "delta": -0.0007500000000000007
      }
    }
  }
}