{
  "metrics": {
    "k=1": {
      "ndcg": {
        "reranked": 0.61,
        "initial": 0.5903,
        "delta": 0.01969999999999994
      },
      "map": {
        "reranked": 0.5475,
        "initial": 0.51365,
        "delta": 0.033849999999999936
      },
      "recall": {
        "reranked": 0.5475,
        "initial": 0.51365,
        "delta": 0.033849999999999936
      },
      "precision": {
        "reranked": 0.61,
        "initial": 0.5903,
        "delta": 0.01969999999999994
      }
    },
    "k=3": {
      "ndcg": {
        "reranked": 0.67407,
        "initial": 0.63456,
        "delta": 0.039509999999999934
      },
      "map": {
        "reranked": 0.63917,
        "initial": 0.5956,
        "delta": 0.04357
      },
      "recall": {
        "reranked": 0.71917,
        "initial": 0.6637,
        "delta": 0.05547000000000002
      },
      "precision": {
        "reranked": 0.28667,
        "initial": 0.27373,
        "delta": 0.012940000000000007
      }
    },
    "k=5": {
      "ndcg": {
        "reranked": 0.68334,
        "initial": 0.6551,
        "delta": 0.028239999999999932
      },
      "map": {
        "reranked": 0.64688,
        "initial": 0.61209,
        "delta": 0.03478999999999999
      },
      "recall": {
        "reranked": 0.745,
        "initial": 0.71943,
        "delta": 0.02556999999999998
      },
      "precision": {
        "reranked": 0.18,
        "initial": 0.18244,
        "delta": -0.0024399999999999977
      }
    },
    "k=10": {
      "ndcg": {
        "reranked": 0.71387,
        "initial": 0.67706,
        "delta": 0.03681000000000001
      },
      "map": {
        "reranked": 0.66321,
        "initial": 0.62399,
        "delta": 0.03921999999999992
      },
      "recall": {
        "reranked": 0.82417,
        "initial": 0.78481,
        "delta": 0.03935999999999995
      },
      "precision": {
        "reranked": 0.104,
        "initial": 0.10263,
        "delta": 0.0013699999999999962
      }
    },
    "k=20": {
      "ndcg": {
        "reranked": 0.72615,
        "initial": 0.69139,
        "delta": 0.03476000000000001
      },
      "map": {
        "reranked": 0.66826,
        "initial": 0.62929,
        "delta": 0.03896999999999995
      },
      "recall": {
        "reranked": 0.86202,
        "initial": 0.83558,
        "delta": 0.02644000000000002
      },
      "precision": {
        "reranked": 0.057,
        "initial": 0.05629,
        "delta": 0.0007100000000000023
      }
    },
    "k=100": {
      "ndcg": {
        "reranked": 0.74045,
        "initial": 0.70961,
        "delta": 0.03084000000000009
      },
      "map": {
        "reranked": 0.67056,
        "initial": 0.63283,
        "delta": 0.03773000000000004
      },
      "recall": {
        "reranked": 0.93452,
        "initial": 0.91927,
        "delta": 0.015249999999999986
      },
      "precision": {
        "reranked": 0.0123,
        "initial": 0.01305,
        "delta": -0.0007500000000000007
      }
    }
  }
}