{
  "metrics": {
    "k=1": {
      "ndcg": {
        "reranked": 0.53,
        "initial": 0.5903,
        "delta": -0.06030000000000002
      },
      "map": {
        "reranked": 0.48167,
        "initial": 0.51365,
        "delta": -0.031980000000000064
      },
      "recall": {
        "reranked": 0.48167,
        "initial": 0.51365,
        "delta": -0.031980000000000064
      },
      "precision": {
        "reranked": 0.53,
        "initial": 0.5903,
        "delta": -0.06030000000000002
      }
    },
    "k=3": {
      "ndcg": {
        "reranked": 0.62415,
        "initial": 0.63456,
        "delta": -0.01041000000000003
      },
      "map": {
        "reranked": 0.58625,
        "initial": 0.5956,
        "delta": -0.00934999999999997
      },
      "recall": {
        "reranked": 0.68833,
        "initial": 0.6637,
        "delta": 0.02463000000000004
      },
      "precision": {
        "reranked": 0.27,
        "initial": 0.27373,
        "delta": -0.0037299999999999556
      }
    },
    "k=5": {
      "ndcg": {
        "reranked": 0.63978,
        "initial": 0.6551,
        "delta": -0.01532
      },
      "map": {
        "reranked": 0.59796,
        "initial": 0.61209,
        "delta": -0.014129999999999976
      },
      "recall": {
        "reranked": 0.72333,
        "initial": 0.71943,
        "delta": 0.0039000000000000146
      },
      "precision": {
        "reranked": 0.176,
        "initial": 0.18244,
        "delta": -0.006440000000000001
      }
    },
    "k=10": {
      "ndcg": {
        "reranked": 0.65896,
        "initial": 0.67706,
        "delta": -0.018100000000000005
      },
      "map": {
        "reranked": 0.60912,
        "initial": 0.62399,
        "delta": -0.01487000000000005
      },
      "recall": {
        "reranked": 0.77417,
        "initial": 0.78481,
        "delta": -0.010639999999999983
      },
      "precision": {
        "reranked": 0.097,
        "initial": 0.10263,
        "delta": -0.005629999999999996
      }
    },
    "k=20": {
      "ndcg": {
        "reranked": 0.67471,
        "initial": 0.69139,
        "delta": -0.016679999999999917
      },
      "map": {
        "reranked": 0.61431,
        "initial": 0.62929,
        "delta": -0.014979999999999993
      },
      "recall": {
        "reranked": 0.8275,
        "initial": 0.83558,
        "delta": -0.008079999999999976
      },
      "precision": {
        "reranked": 0.0535,
        "initial": 0.05629,
        "delta": -0.002790000000000001
      }
    },
    "k=100": {
      "ndcg": {
        "reranked": 0.69583,
        "initial": 0.70961,
        "delta": -0.013780000000000014
      },
      "map": {
        "reranked": 0.61764,
        "initial": 0.63283,
        "delta": -0.015190000000000037
      },
      "recall": {
        "reranked": 0.93452,
        "initial": 0.91927,
        "delta": 0.015249999999999986
      },
      "precision": {
        "reranked": 0.0123,
        "initial": 0.01305,
        "delta": -0.0007500000000000007
      }
    }
  }
}