{
  "config": {
    "model_type": "layer_18",
    "weighter_step": 1000,
    "queries_evaluated": 50
  },
  "metrics": {
    "k=1": {
      "ndcg": {
        "reranked": 0.46,
        "initial": 0.587,
        "delta": -0.12699999999999995
      },
      "map": {
        "reranked": 0.40333,
        "initial": 0.51064,
        "delta": -0.10730999999999996
      },
      "recall": {
        "reranked": 0.40333,
        "initial": 0.51064,
        "delta": -0.10730999999999996
      },
      "precision": {
        "reranked": 0.46,
        "initial": 0.587,
        "delta": -0.12699999999999995
      }
    },
    "k=3": {
      "ndcg": {
        "reranked": 0.5074,
        "initial": 0.63086,
        "delta": -0.12346000000000001
      },
      "map": {
        "reranked": 0.47667,
        "initial": 0.59231,
        "delta": -0.11564000000000002
      },
      "recall": {
        "reranked": 0.55333,
        "initial": 0.66172,
        "delta": -0.10838999999999999
      },
      "precision": {
        "reranked": 0.20667,
        "initial": 0.27213,
        "delta": -0.06545999999999999
      }
    },
    "k=5": {
      "ndcg": {
        "reranked": 0.52756,
        "initial": 0.65032,
        "delta": -0.12275999999999998
      },
      "map": {
        "reranked": 0.489,
        "initial": 0.60791,
        "delta": -0.11890999999999996
      },
      "recall": {
        "reranked": 0.59667,
        "initial": 0.7143,
        "delta": -0.11763000000000001
      },
      "precision": {
        "reranked": 0.14,
        "initial": 0.18068,
        "delta": -0.040679999999999994
      }
    },
    "k=10": {
      "ndcg": {
        "reranked": 0.55561,
        "initial": 0.67149,
        "delta": -0.11587999999999998
      },
      "map": {
        "reranked": 0.50043,
        "initial": 0.61928,
        "delta": -0.11885000000000001
      },
      "recall": {
        "reranked": 0.67667,
        "initial": 0.77806,
        "delta": -0.10138999999999998
      },
      "precision": {
        "reranked": 0.08,
        "initial": 0.1012,
        "delta": -0.021199999999999997
      }
    },
    "k=20": {
      "ndcg": {
        "reranked": 0.56061,
        "initial": 0.68697,
        "delta": -0.12635999999999992
      },
      "map": {
        "reranked": 0.50176,
        "initial": 0.62485,
        "delta": -0.12309000000000003
      },
      "recall": {
        "reranked": 0.69667,
        "initial": 0.8328,
        "delta": -0.13612999999999997
      },
      "precision": {
        "reranked": 0.041,
        "initial": 0.05551,
        "delta": -0.014509999999999995
      }
    },
    "k=100": {
      "ndcg": {
        "reranked": 0.59648,
        "initial": 0.7063,
        "delta": -0.10982000000000003
      },
      "map": {
        "reranked": 0.50696,
        "initial": 0.62855,
        "delta": -0.12159000000000009
      },
      "recall": {
        "reranked": 0.87467,
        "initial": 0.9213,
        "delta": -0.04663000000000006
      },
      "precision": {
        "reranked": 0.0112,
        "initial": 0.01284,
        "delta": -0.0016400000000000008
      }
    }
  }
}