{
  "dataset": "quora",
  "split": "dev",
  "weighter_step": 1000,
  "initial": {
    "ndcg@1": 0.587,
    "map@1": 0.51064,
    "recall@1": 0.51064,
    "precision@1": 0.587,
    "ndcg@3": 0.63086,
    "map@3": 0.59231,
    "recall@3": 0.66172,
    "precision@3": 0.27213,
    "ndcg@5": 0.65032,
    "map@5": 0.60791,
    "recall@5": 0.7143,
    "precision@5": 0.18068,
    "ndcg@10": 0.67149,
    "map@10": 0.61928,
    "recall@10": 0.77806,
    "precision@10": 0.1012,
    "ndcg@20": 0.68697,
    "map@20": 0.62485,
    "recall@20": 0.8328,
    "precision@20": 0.05551,
    "ndcg@100": 0.7063,
    "map@100": 0.62855,
    "recall@100": 0.9213,
    "precision@100": 0.01284
  },
  "models": {
    "dtw": {
      "ndcg@1": 0.0,
      "ndcg@1_delta": -0.587,
      "map@1": 0.0,
      "recall@1": 0.0,
      "precision@1": 0.0,
      "ndcg@3": 0.01,
      "ndcg@3_delta": -0.62086,
      "map@3": 0.00667,
      "recall@3": 0.02,
      "precision@3": 0.00667,
      "ndcg@5": 0.01,
      "ndcg@5_delta": -0.64032,
      "map@5": 0.00667,
      "recall@5": 0.02,
      "precision@5": 0.004,
      "ndcg@10": 0.03027,
      "ndcg@10_delta": -0.64122,
      "map@10": 0.01556,
      "recall@10": 0.08,
      "precision@10": 0.008,
      "ndcg@20": 0.03841,
      "ndcg@20_delta": -0.64856,
      "map@20": 0.0176,
      "recall@20": 0.11,
      "precision@20": 0.006,
      "ndcg@100": 0.16946,
      "ndcg@100_delta": -0.53684,
      "map@100": 0.02959,
      "recall@100": 0.87467,
      "precision@100": 0.0112
    },
    "layer_0": {
      "ndcg@1": 0.44,
      "ndcg@1_delta": -0.14699999999999996,
      "map@1": 0.40667,
      "recall@1": 0.40667,
      "precision@1": 0.44,
      "ndcg@3": 0.50578,
      "ndcg@3_delta": -0.12507999999999997,
      "map@3": 0.47833,
      "recall@3": 0.55333,
      "precision@3": 0.20667,
      "ndcg@5": 0.53603,
      "ndcg@5_delta": -0.11429,
      "map@5": 0.49483,
      "recall@5": 0.62333,
      "precision@5": 0.14,
      "ndcg@10": 0.5572,
      "ndcg@10_delta": -0.11429,
      "map@10": 0.50442,
      "recall@10": 0.68333,
      "precision@10": 0.078,
      "ndcg@20": 0.56549,
      "ndcg@20_delta": -0.12147999999999992,
      "map@20": 0.50756,
      "recall@20": 0.70667,
      "precision@20": 0.042,
      "ndcg@100": 0.59822,
      "ndcg@100_delta": -0.10808000000000006,
      "map@100": 0.5117,
      "recall@100": 0.87467,
      "precision@100": 0.0112
    },
    "layer_3": {
      "ndcg@1": 0.5,
      "ndcg@1_delta": -0.08699999999999997,
      "map@1": 0.44333,
      "recall@1": 0.44333,
      "precision@1": 0.5,
      "ndcg@3": 0.53721,
      "ndcg@3_delta": -0.09365000000000001,
      "map@3": 0.50944,
      "recall@3": 0.57,
      "precision@3": 0.22,
      "ndcg@5": 0.53721,
      "ndcg@5_delta": -0.11311000000000004,
      "map@5": 0.50944,
      "recall@5": 0.57,
      "precision@5": 0.132,
      "ndcg@10": 0.58699,
      "ndcg@10_delta": -0.08450000000000002,
      "map@10": 0.5316,
      "recall@10": 0.72,
      "precision@10": 0.082,
      "ndcg@20": 0.59303,
      "ndcg@20_delta": -0.09394000000000002,
      "map@20": 0.53312,
      "recall@20": 0.73667,
      "precision@20": 0.043,
      "ndcg@100": 0.62104,
      "ndcg@100_delta": -0.08526,
      "map@100": 0.53708,
      "recall@100": 0.87467,
      "precision@100": 0.0112
    },
    "layer_6": {
      "ndcg@1": 0.5,
      "ndcg@1_delta": -0.08699999999999997,
      "map@1": 0.45333,
      "recall@1": 0.45333,
      "precision@1": 0.5,
      "ndcg@3": 0.53401,
      "ndcg@3_delta": -0.09684999999999999,
      "map@3": 0.50833,
      "recall@3": 0.57333,
      "precision@3": 0.21333,
      "ndcg@5": 0.5479,
      "ndcg@5_delta": -0.10241999999999996,
      "map@5": 0.51583,
      "recall@5": 0.60333,
      "precision@5": 0.136,
      "ndcg@10": 0.57439,
      "ndcg@10_delta": -0.09710000000000008,
      "map@10": 0.52777,
      "recall@10": 0.67667,
      "precision@10": 0.08,
      "ndcg@20": 0.57997,
      "ndcg@20_delta": -0.10699999999999998,
      "map@20": 0.52959,
      "recall@20": 0.69667,
      "precision@20": 0.041,
      "ndcg@100": 0.61732,
      "ndcg@100_delta": -0.08898000000000006,
      "map@100": 0.53573,
      "recall@100": 0.87467,
      "precision@100": 0.0112
    },
    "layer_9": {
      "ndcg@1": 0.34,
      "ndcg@1_delta": -0.24699999999999994,
      "map@1": 0.30333,
      "recall@1": 0.30333,
      "precision@1": 0.34,
      "ndcg@3": 0.46621,
      "ndcg@3_delta": -0.16464999999999996,
      "map@3": 0.425,
      "recall@3": 0.55333,
      "precision@3": 0.20667,
      "ndcg@5": 0.47025,
      "ndcg@5_delta": -0.18007,
      "map@5": 0.42833,
      "recall@5": 0.56,
      "precision@5": 0.128,
      "ndcg@10": 0.50566,
      "ndcg@10_delta": -0.16583000000000003,
      "map@10": 0.44377,
      "recall@10": 0.65667,
      "precision@10": 0.078,
      "ndcg@20": 0.51036,
      "ndcg@20_delta": -0.17660999999999993,
      "map@20": 0.44488,
      "recall@20": 0.67667,
      "precision@20": 0.04,
      "ndcg@100": 0.55101,
      "ndcg@100_delta": -0.15529000000000004,
      "map@100": 0.45126,
      "recall@100": 0.87467,
      "precision@100": 0.0112
    },
    "layer_12": {
      "ndcg@1": 0.36,
      "ndcg@1_delta": -0.22699999999999998,
      "map@1": 0.31333,
      "recall@1": 0.31333,
      "precision@1": 0.36,
      "ndcg@3": 0.45038,
      "ndcg@3_delta": -0.18047999999999997,
      "map@3": 0.41333,
      "recall@3": 0.52333,
      "precision@3": 0.19333,
      "ndcg@5": 0.47141,
      "ndcg@5_delta": -0.17891,
      "map@5": 0.425,
      "recall@5": 0.56667,
      "precision@5": 0.132,
      "ndcg@10": 0.49301,
      "ndcg@10_delta": -0.17848000000000003,
      "map@10": 0.43532,
      "recall@10": 0.62667,
      "precision@10": 0.074,
      "ndcg@20": 0.50112,
      "ndcg@20_delta": -0.18584999999999996,
      "map@20": 0.43734,
      "recall@20": 0.65667,
      "precision@20": 0.039,
      "ndcg@100": 0.5456,
      "ndcg@100_delta": -0.16070000000000007,
      "map@100": 0.4443,
      "recall@100": 0.87467,
      "precision@100": 0.0112
    },
    "layer_15": {
      "ndcg@1": 0.38,
      "ndcg@1_delta": -0.20699999999999996,
      "map@1": 0.33333,
      "recall@1": 0.33333,
      "precision@1": 0.38,
      "ndcg@3": 0.45389,
      "ndcg@3_delta": -0.17696999999999996,
      "map@3": 0.42,
      "recall@3": 0.51333,
      "precision@3": 0.19333,
      "ndcg@5": 0.48353,
      "ndcg@5_delta": -0.16679,
      "map@5": 0.43633,
      "recall@5": 0.57667,
      "precision@5": 0.136,
      "ndcg@10": 0.51052,
      "ndcg@10_delta": -0.16097000000000006,
      "map@10": 0.44833,
      "recall@10": 0.65667,
      "precision@10": 0.078,
      "ndcg@20": 0.51577,
      "ndcg@20_delta": -0.17120000000000002,
      "map@20": 0.44987,
      "recall@20": 0.67667,
      "precision@20": 0.04,
      "ndcg@100": 0.55607,
      "ndcg@100_delta": -0.15023000000000009,
      "map@100": 0.45598,
      "recall@100": 0.87467,
      "precision@100": 0.0112
    },
    "layer_18": {
      "ndcg@1": 0.46,
      "ndcg@1_delta": -0.12699999999999995,
      "map@1": 0.40333,
      "recall@1": 0.40333,
      "precision@1": 0.46,
      "ndcg@3": 0.5074,
      "ndcg@3_delta": -0.12346000000000001,
      "map@3": 0.47667,
      "recall@3": 0.55333,
      "precision@3": 0.20667,
      "ndcg@5": 0.52756,
      "ndcg@5_delta": -0.12275999999999998,
      "map@5": 0.489,
      "recall@5": 0.59667,
      "precision@5": 0.14,
      "ndcg@10": 0.55561,
      "ndcg@10_delta": -0.11587999999999998,
      "map@10": 0.50043,
      "recall@10": 0.67667,
      "precision@10": 0.08,
      "ndcg@20": 0.56061,
      "ndcg@20_delta": -0.12635999999999992,
      "map@20": 0.50176,
      "recall@20": 0.69667,
      "precision@20": 0.041,
      "ndcg@100": 0.59648,
      "ndcg@100_delta": -0.10982000000000003,
      "map@100": 0.50696,
      "recall@100": 0.87467,
      "precision@100": 0.0112
    },
    "layer_21": {
      "ndcg@1": 0.44,