{
  "config": {
    "model_type": "layer_21",
    "weighter_step": 1000,
    "queries_evaluated": 50
  },
  "metrics": {
    "k=1": {
      "ndcg": {
        "reranked": 0.44,
        "initial": 0.587,
        "delta": -0.14699999999999996
      },
      "map": {
        "reranked": 0.39667,
        "initial": 0.51064,
        "delta": -0.11396999999999996
      },
      "recall": {
        "reranked": 0.39667,
        "initial": 0.51064,
        "delta": -0.11396999999999996
      },
      "precision": {
        "reranked": 0.44,
        "initial": 0.587,
        "delta": -0.14699999999999996
      }
    },
    "k=3": {
      "ndcg": {
        "reranked": 0.4925,
        "initial": 0.63086,
        "delta": -0.13835999999999998
      },
      "map": {
        "reranked": 0.46222,
        "initial": 0.59231,
        "delta": -0.13008999999999998
      },
      "recall": {
        "reranked": 0.53,
        "initial": 0.66172,
        "delta": -0.13171999999999995
      },
      "precision": {
        "reranked": 0.2,
        "initial": 0.27213,
        "delta": -0.07212999999999997
      }
    },
    "k=5": {
      "ndcg": {
        "reranked": 0.51336,
        "initial": 0.65032,
        "delta": -0.13695999999999997
      },
      "map": {
        "reranked": 0.47689,
        "initial": 0.60791,
        "delta": -0.13101999999999997
      },
      "recall": {
        "reranked": 0.57667,
        "initial": 0.7143,
        "delta": -0.13763000000000003
      },
      "precision": {
        "reranked": 0.136,
        "initial": 0.18068,
        "delta": -0.04468
      }
    },
    "k=10": {
      "ndcg": {
        "reranked": 0.55295,
        "initial": 0.67149,
        "delta": -0.11853999999999998
      },
      "map": {
        "reranked": 0.49239,
        "initial": 0.61928,
        "delta": -0.12689000000000006
      },
      "recall": {
        "reranked": 0.69667,
        "initial": 0.77806,
        "delta": -0.08138999999999996
      },
      "precision": {
        "reranked": 0.082,
        "initial": 0.1012,
        "delta": -0.019199999999999995
      }
    },
    "k=20": {
      "ndcg": {
        "reranked": 0.55295,
        "initial": 0.68697,
        "delta": -0.13401999999999992
      },
      "map": {
        "reranked": 0.49239,
        "initial": 0.62485,
        "delta": -0.13246000000000002
      },
      "recall": {
        "reranked": 0.69667,
        "initial": 0.8328,
        "delta": -0.13612999999999997
      },
      "precision": {
        "reranked": 0.041,
        "initial": 0.05551,
        "delta": -0.014509999999999995
      }
    },
    "k=100": {
      "ndcg": {
        "reranked": 0.58926,
        "initial": 0.7063,
        "delta": -0.11704000000000003
      },
      "map": {
        "reranked": 0.4979,
        "initial": 0.62855,
        "delta": -0.13065000000000004
      },
      "recall": {
        "reranked": 0.87467,
        "initial": 0.9213,
        "delta": -0.04663000000000006
      },
      "precision": {
        "reranked": 0.0112,
        "initial": 0.01284,
        "delta": -0.0016400000000000008
      }
    }
  }
}