{
  "metrics": {
    "k=1": {
      "ndcg": {
        "reranked": 0.53,
        "initial": 0.5903,
        "delta": -0.06030000000000002
      },
      "map": {
        "reranked": 0.48333,
        "initial": 0.51365,
        "delta": -0.03032000000000007
      },
      "recall": {
        "reranked": 0.48333,
        "initial": 0.51365,
        "delta": -0.03032000000000007
      },
      "precision": {
        "reranked": 0.53,
        "initial": 0.5903,
        "delta": -0.06030000000000002
      }
    },
    "k=3": {
      "ndcg": {
        "reranked": 0.58418,
        "initial": 0.63456,
        "delta": -0.05037999999999998
      },
      "map": {
        "reranked": 0.55667,
        "initial": 0.5956,
        "delta": -0.03893000000000002
      },
      "recall": {
        "reranked": 0.619,
        "initial": 0.6637,
        "delta": -0.04469999999999996
      },
      "precision": {
        "reranked": 0.24333,
        "initial": 0.27373,
        "delta": -0.030399999999999983
      }
    },
    "k=5": {
      "ndcg": {
        "reranked": 0.61601,
        "initial": 0.6551,
        "delta": -0.03909000000000007
      },
      "map": {
        "reranked": 0.57672,
        "initial": 0.61209,
        "delta": -0.03537000000000001
      },
      "recall": {
        "reranked": 0.696,
        "initial": 0.71943,
        "delta": -0.023430000000000062
      },
      "precision": {
        "reranked": 0.168,
        "initial": 0.18244,
        "delta": -0.01443999999999998
      }
    },
    "k=10": {
      "ndcg": {
        "reranked": 0.64501,
        "initial": 0.67706,
        "delta": -0.03205000000000002
      },
      "map": {
        "reranked": 0.59069,
        "initial": 0.62399,
        "delta": -0.033299999999999996
      },
      "recall": {
        "reranked": 0.78,
        "initial": 0.78481,
        "delta": -0.004809999999999981
      },
      "precision": {
        "reranked": 0.095,
        "initial": 0.10263,
        "delta": -0.007629999999999998
      }
    },
    "k=20": {
      "ndcg": {
        "reranked": 0.65561,
        "initial": 0.69139,
        "delta": -0.03577999999999992
      },
      "map": {
        "reranked": 0.59333,
        "initial": 0.62929,
        "delta": -0.03595999999999999
      },
      "recall": {
        "reranked": 0.81833,
        "initial": 0.83558,
        "delta": -0.017249999999999988
      },
      "precision": {
        "reranked": 0.0505,
        "initial": 0.05629,
        "delta": -0.0057899999999999965
      }
    },
    "k=100": {
      "ndcg": {
        "reranked": 0.67044,
        "initial": 0.70961,
        "delta": -0.03916999999999993
      },
      "map": {
        "reranked": 0.59606,
        "initial": 0.63283,
        "delta": -0.03676999999999997
      },
      "recall": {
        "reranked": 0.88667,
        "initial": 0.91927,
        "delta": -0.03260000000000007
      },
      "precision": {
        "reranked": 0.0113,
        "initial": 0.01305,
        "delta": -0.0017500000000000016
      }
    }
  }
}