{
  "metrics": {
    "k=1": {
      "ndcg": {
        "reranked": 0.37,
        "initial": 0.5903,
        "delta": -0.22030000000000005
      },
      "map": {
        "reranked": 0.36,
        "initial": 0.51365,
        "delta": -0.15365000000000006
      },
      "recall": {
        "reranked": 0.36,
        "initial": 0.51365,
        "delta": -0.15365000000000006
      },
      "precision": {
        "reranked": 0.37,
        "initial": 0.5903,
        "delta": -0.22030000000000005
      }
    },
    "k=3": {
      "ndcg": {
        "reranked": 0.4467,
        "initial": 0.63456,
        "delta": -0.18786000000000003
      },
      "map": {
        "reranked": 0.42361,
        "initial": 0.5956,
        "delta": -0.17199000000000003
      },
      "recall": {
        "reranked": 0.49333,
        "initial": 0.6637,
        "delta": -0.17036999999999997
      },
      "precision": {
        "reranked": 0.18,
        "initial": 0.27373,
        "delta": -0.09372999999999998
      }
    },
    "k=5": {
      "ndcg": {
        "reranked": 0.47981,
        "initial": 0.6551,
        "delta": -0.17529
      },
      "map": {
        "reranked": 0.44394,
        "initial": 0.61209,
        "delta": -0.16815000000000002
      },
      "recall": {
        "reranked": 0.567,
        "initial": 0.71943,
        "delta": -0.15243000000000007
      },
      "precision": {
        "reranked": 0.128,
        "initial": 0.18244,
        "delta": -0.05443999999999999
      }
    },
    "k=10": {
      "ndcg": {
        "reranked": 0.51961,
        "initial": 0.67706,
        "delta": -0.15744999999999998
      },
      "map": {
        "reranked": 0.46107,
        "initial": 0.62399,
        "delta": -0.16292000000000006
      },
      "recall": {
        "reranked": 0.68267,
        "initial": 0.78481,
        "delta": -0.10214000000000001
      },
      "precision": {
        "reranked": 0.079,
        "initial": 0.10263,
        "delta": -0.023629999999999998
      }
    },
    "k=20": {
      "ndcg": {
        "reranked": 0.53799,
        "initial": 0.69139,
        "delta": -0.15339999999999998
      },
      "map": {
        "reranked": 0.46636,
        "initial": 0.62929,
        "delta": -0.16293000000000002
      },
      "recall": {
        "reranked": 0.74467,
        "initial": 0.83558,
        "delta": -0.09090999999999994
      },
      "precision": {
        "reranked": 0.0455,
        "initial": 0.05629,
        "delta": -0.010790000000000001
      }
    },
    "k=100": {
      "ndcg": {
        "reranked": 0.56617,
        "initial": 0.70961,
        "delta": -0.14344
      },
      "map": {
        "reranked": 0.47054,
        "initial": 0.63283,
        "delta": -0.16229
      },
      "recall": {
        "reranked": 0.88667,
        "initial": 0.91927,
        "delta": -0.03260000000000007
      },
      "precision": {
        "reranked": 0.0113,
        "initial": 0.01305,
        "delta": -0.0017500000000000016
      }
    }
  }
}