{
  "metrics": {
    "k=1": {
      "ndcg": {
        "reranked": 0.5,
        "initial": 0.5903,
        "delta": -0.09030000000000005
      },
      "map": {
        "reranked": 0.45167,
        "initial": 0.51365,
        "delta": -0.061980000000000035
      },
      "recall": {
        "reranked": 0.45167,
        "initial": 0.51365,
        "delta": -0.061980000000000035
      },
      "precision": {
        "reranked": 0.5,
        "initial": 0.5903,
        "delta": -0.09030000000000005
      }
    },
    "k=3": {
      "ndcg": {
        "reranked": 0.56786,
        "initial": 0.63456,
        "delta": -0.06669999999999998
      },
      "map": {
        "reranked": 0.53283,
        "initial": 0.5956,
        "delta": -0.06276999999999999
      },
      "recall": {
        "reranked": 0.614,
        "initial": 0.6637,
        "delta": -0.049699999999999966
      },
      "precision": {
        "reranked": 0.24333,
        "initial": 0.27373,
        "delta": -0.030399999999999983
      }
    },
    "k=5": {
      "ndcg": {
        "reranked": 0.6028,
        "initial": 0.6551,
        "delta": -0.05230000000000001
      },
      "map": {
        "reranked": 0.55567,
        "initial": 0.61209,
        "delta": -0.056420000000000026
      },
      "recall": {
        "reranked": 0.70067,
        "initial": 0.71943,
        "delta": -0.01876
      },
      "precision": {
        "reranked": 0.168,
        "initial": 0.18244,
        "delta": -0.01443999999999998
      }
    },
    "k=10": {
      "ndcg": {
        "reranked": 0.61859,
        "initial": 0.67706,
        "delta": -0.05847000000000002
      },
      "map": {
        "reranked": 0.56302,
        "initial": 0.62399,
        "delta": -0.06097000000000008
      },
      "recall": {
        "reranked": 0.743,
        "initial": 0.78481,
        "delta": -0.041810000000000014
      },
      "precision": {
        "reranked": 0.092,
        "initial": 0.10263,
        "delta": -0.01063
      }
    },
    "k=20": {
      "ndcg": {
        "reranked": 0.63156,
        "initial": 0.69139,
        "delta": -0.05982999999999994
      },
      "map": {
        "reranked": 0.56715,
        "initial": 0.62929,
        "delta": -0.06213999999999997
      },
      "recall": {
        "reranked": 0.79167,
        "initial": 0.83558,
        "delta": -0.043910000000000005
      },
      "precision": {
        "reranked": 0.0495,
        "initial": 0.05629,
        "delta": -0.006789999999999997
      }
    },
    "k=100": {
      "ndcg": {
        "reranked": 0.65091,
        "initial": 0.70961,
        "delta": -0.058699999999999974
      },
      "map": {
        "reranked": 0.57023,
        "initial": 0.63283,
        "delta": -0.06259999999999999
      },
      "recall": {
        "reranked": 0.88667,
        "initial": 0.91927,
        "delta": -0.03260000000000007
      },
      "precision": {
        "reranked": 0.0113,
        "initial": 0.01305,
        "delta": -0.0017500000000000016
      }
    }
  }
}