{
  "metrics": {
    "k=1": {
      "ndcg": {
        "reranked": 0.46,
        "initial": 0.5903,
        "delta": -0.13030000000000003
      },
      "map": {
        "reranked": 0.425,
        "initial": 0.51365,
        "delta": -0.08865000000000006
      },
      "recall": {
        "reranked": 0.425,
        "initial": 0.51365,
        "delta": -0.08865000000000006
      },
      "precision": {
        "reranked": 0.46,
        "initial": 0.5903,
        "delta": -0.13030000000000003
      }
    },
    "k=3": {
      "ndcg": {
        "reranked": 0.50949,
        "initial": 0.63456,
        "delta": -0.12507000000000001
      },
      "map": {
        "reranked": 0.48289,
        "initial": 0.5956,
        "delta": -0.11271000000000003
      },
      "recall": {
        "reranked": 0.53867,
        "initial": 0.6637,
        "delta": -0.12502999999999997
      },
      "precision": {
        "reranked": 0.21,
        "initial": 0.27373,
        "delta": -0.06372999999999998
      }
    },
    "k=5": {
      "ndcg": {
        "reranked": 0.53609,
        "initial": 0.6551,
        "delta": -0.11901000000000006
      },
      "map": {
        "reranked": 0.50056,
        "initial": 0.61209,
        "delta": -0.11153000000000002
      },
      "recall": {
        "reranked": 0.60533,
        "initial": 0.71943,
        "delta": -0.11409999999999998
      },
      "precision": {
        "reranked": 0.144,
        "initial": 0.18244,
        "delta": -0.03844
      }
    },
    "k=10": {
      "ndcg": {
        "reranked": 0.56701,
        "initial": 0.67706,
        "delta": -0.11004999999999998
      },
      "map": {
        "reranked": 0.51509,
        "initial": 0.62399,
        "delta": -0.1089
      },
      "recall": {
        "reranked": 0.69467,
        "initial": 0.78481,
        "delta": -0.09014
      },
      "precision": {
        "reranked": 0.085,
        "initial": 0.10263,
        "delta": -0.017629999999999993
      }
    },
    "k=20": {
      "ndcg": {
        "reranked": 0.582,
        "initial": 0.69139,
        "delta": -0.10938999999999999
      },
      "map": {
        "reranked": 0.51939,
        "initial": 0.62929,
        "delta": -0.1099
      },
      "recall": {
        "reranked": 0.74967,
        "initial": 0.83558,
        "delta": -0.08591000000000004
      },
      "precision": {
        "reranked": 0.046,
        "initial": 0.05629,
        "delta": -0.01029
      }
    },
    "k=100": {
      "ndcg": {
        "reranked": 0.6092,
        "initial": 0.70961,
        "delta": -0.10041
      },
      "map": {
        "reranked": 0.52338,
        "initial": 0.63283,
        "delta": -0.10945000000000005
      },
      "recall": {
        "reranked": 0.88667,
        "initial": 0.91927,
        "delta": -0.03260000000000007
      },
      "precision": {
        "reranked": 0.0113,
        "initial": 0.01305,
        "delta": -0.0017500000000000016
      }
    }
  }
}