{
  "metrics": {
    "k=1": {
      "ndcg": {
        "reranked": 0.5,
        "initial": 0.5903,
        "delta": -0.09030000000000005
      },
      "map": {
        "reranked": 0.46,
        "initial": 0.51365,
        "delta": -0.05365000000000003
      },
      "recall": {
        "reranked": 0.46,
        "initial": 0.51365,
        "delta": -0.05365000000000003
      },
      "precision": {
        "reranked": 0.5,
        "initial": 0.5903,
        "delta": -0.09030000000000005
      }
    },
    "k=3": {
      "ndcg": {
        "reranked": 0.56518,
        "initial": 0.63456,
        "delta": -0.06938
      },
      "map": {
        "reranked": 0.534,
        "initial": 0.5956,
        "delta": -0.06159999999999999
      },
      "recall": {
        "reranked": 0.60367,
        "initial": 0.6637,
        "delta": -0.06002999999999992
      },
      "precision": {
        "reranked": 0.23667,
        "initial": 0.27373,
        "delta": -0.03705999999999998
      }
    },
    "k=5": {
      "ndcg": {
        "reranked": 0.58834,
        "initial": 0.6551,
        "delta": -0.06676000000000004
      },
      "map": {
        "reranked": 0.5495,
        "initial": 0.61209,
        "delta": -0.06259000000000003
      },
      "recall": {
        "reranked": 0.667,
        "initial": 0.71943,
        "delta": -0.05242999999999998
      },
      "precision": {
        "reranked": 0.156,
        "initial": 0.18244,
        "delta": -0.02643999999999999
      }
    },
    "k=10": {
      "ndcg": {
        "reranked": 0.60663,
        "initial": 0.67706,
        "delta": -0.07042999999999999
      },
      "map": {
        "reranked": 0.55832,
        "initial": 0.62399,
        "delta": -0.06567
      },
      "recall": {
        "reranked": 0.722,
        "initial": 0.78481,
        "delta": -0.06281000000000003
      },
      "precision": {
        "reranked": 0.085,
        "initial": 0.10263,
        "delta": -0.017629999999999993
      }
    },
    "k=20": {
      "ndcg": {
        "reranked": 0.62126,
        "initial": 0.69139,
        "delta": -0.07012999999999991
      },
      "map": {
        "reranked": 0.56274,
        "initial": 0.62929,
        "delta": -0.06655
      },
      "recall": {
        "reranked": 0.76633,
        "initial": 0.83558,
        "delta": -0.06925000000000003
      },
      "precision": {
        "reranked": 0.048,
        "initial": 0.05629,
        "delta": -0.008289999999999999
      }
    },
    "k=100": {
      "ndcg": {
        "reranked": 0.64538,
        "initial": 0.70961,
        "delta": -0.06423000000000001
      },
      "map": {
        "reranked": 0.56647,
        "initial": 0.63283,
        "delta": -0.06635999999999997
      },
      "recall": {
        "reranked": 0.88667,
        "initial": 0.91927,
        "delta": -0.03260000000000007
      },
      "precision": {
        "reranked": 0.0113,
        "initial": 0.01305,
        "delta": -0.0017500000000000016
      }
    }
  }
}