{
  "metrics": {
    "k=1": {
      "ndcg": {
        "reranked": 0.39,
        "initial": 0.5903,
        "delta": -0.20030000000000003
      },
      "map": {
        "reranked": 0.36833,
        "initial": 0.51365,
        "delta": -0.14532000000000006
      },
      "recall": {
        "reranked": 0.36833,
        "initial": 0.51365,
        "delta": -0.14532000000000006
      },
      "precision": {
        "reranked": 0.39,
        "initial": 0.5903,
        "delta": -0.20030000000000003
      }
    },
    "k=3": {
      "ndcg": {
        "reranked": 0.45518,
        "initial": 0.63456,
        "delta": -0.17938000000000004
      },
      "map": {
        "reranked": 0.43267,
        "initial": 0.5956,
        "delta": -0.16293000000000002
      },
      "recall": {
        "reranked": 0.497,
        "initial": 0.6637,
        "delta": -0.16669999999999996
      },
      "precision": {
        "reranked": 0.18333,
        "initial": 0.27373,
        "delta": -0.09039999999999998
      }
    },
    "k=5": {
      "ndcg": {
        "reranked": 0.49124,
        "initial": 0.6551,
        "delta": -0.16386
      },
      "map": {
        "reranked": 0.4558,
        "initial": 0.61209,
        "delta": -0.15629000000000004
      },
      "recall": {
        "reranked": 0.579,
        "initial": 0.71943,
        "delta": -0.14043000000000005
      },
      "precision": {
        "reranked": 0.132,
        "initial": 0.18244,
        "delta": -0.050439999999999985
      }
    },
    "k=10": {
      "ndcg": {
        "reranked": 0.51202,
        "initial": 0.67706,
        "delta": -0.16503999999999996
      },
      "map": {
        "reranked": 0.46396,
        "initial": 0.62399,
        "delta": -0.16003000000000006
      },
      "recall": {
        "reranked": 0.63733,
        "initial": 0.78481,
        "delta": -0.14748000000000006
      },
      "precision": {
        "reranked": 0.075,
        "initial": 0.10263,
        "delta": -0.027630000000000002
      }
    },
    "k=20": {
      "ndcg": {
        "reranked": 0.53254,
        "initial": 0.69139,
        "delta": -0.15884999999999994
      },
      "map": {
        "reranked": 0.47012,
        "initial": 0.62929,
        "delta": -0.15917000000000003
      },
      "recall": {
        "reranked": 0.70933,
        "initial": 0.83558,
        "delta": -0.12624999999999997
      },
      "precision": {
        "reranked": 0.043,
        "initial": 0.05629,
        "delta": -0.013290000000000003
      }
    },
    "k=100": {
      "ndcg": {
        "reranked": 0.5689,
        "initial": 0.70961,
        "delta": -0.14071
      },
      "map": {
        "reranked": 0.47599,
        "initial": 0.63283,
        "delta": -0.15683999999999998
      },
      "recall": {
        "reranked": 0.88667,
        "initial": 0.91927,
        "delta": -0.03260000000000007
      },
      "precision": {
        "reranked": 0.0113,
        "initial": 0.01305,
        "delta": -0.0017500000000000016
      }
    }
  }
}