{
  "metrics": {
    "k=1": {
      "ndcg": {
        "reranked": 0.46,
        "initial": 0.5903,
        "delta": -0.13030000000000003
      },
      "map": {
        "reranked": 0.42,
        "initial": 0.51365,
        "delta": -0.09365000000000007
      },
      "recall": {
        "reranked": 0.42,
        "initial": 0.51365,
        "delta": -0.09365000000000007
      },
      "precision": {
        "reranked": 0.46,
        "initial": 0.5903,
        "delta": -0.13030000000000003
      }
    },
    "k=3": {
      "ndcg": {
        "reranked": 0.51179,
        "initial": 0.63456,
        "delta": -0.12277000000000005
      },
      "map": {
        "reranked": 0.48656,
        "initial": 0.5956,
        "delta": -0.10904000000000003
      },
      "recall": {
        "reranked": 0.547,
        "initial": 0.6637,
        "delta": -0.11669999999999991
      },
      "precision": {
        "reranked": 0.20667,
        "initial": 0.27373,
        "delta": -0.06705999999999998
      }
    },
    "k=5": {
      "ndcg": {
        "reranked": 0.53594,
        "initial": 0.6551,
        "delta": -0.11916000000000004
      },
      "map": {
        "reranked": 0.50261,
        "initial": 0.61209,
        "delta": -0.10948000000000002
      },
      "recall": {
        "reranked": 0.60233,
        "initial": 0.71943,
        "delta": -0.11709999999999998
      },
      "precision": {
        "reranked": 0.14,
        "initial": 0.18244,
        "delta": -0.04243999999999998
      }
    },
    "k=10": {
      "ndcg": {
        "reranked": 0.56643,
        "initial": 0.67706,
        "delta": -0.11063
      },
      "map": {
        "reranked": 0.5152,
        "initial": 0.62399,
        "delta": -0.10879000000000005
      },
      "recall": {
        "reranked": 0.693,
        "initial": 0.78481,
        "delta": -0.09181000000000006
      },
      "precision": {
        "reranked": 0.082,
        "initial": 0.10263,
        "delta": -0.020629999999999996
      }
    },
    "k=20": {
      "ndcg": {
        "reranked": 0.58103,
        "initial": 0.69139,
        "delta": -0.1103599999999999
      },
      "map": {
        "reranked": 0.51955,
        "initial": 0.62929,
        "delta": -0.10974000000000006
      },
      "recall": {
        "reranked": 0.743,
        "initial": 0.83558,
        "delta": -0.09258
      },
      "precision": {
        "reranked": 0.0455,
        "initial": 0.05629,
        "delta": -0.010790000000000001
      }
    },
    "k=100": {
      "ndcg": {
        "reranked": 0.60898,
        "initial": 0.70961,
        "delta": -0.10063
      },
      "map": {
        "reranked": 0.52352,
        "initial": 0.63283,
        "delta": -0.10931000000000002
      },
      "recall": {
        "reranked": 0.88667,
        "initial": 0.91927,
        "delta": -0.03260000000000007
      },
      "precision": {
        "reranked": 0.0113,
        "initial": 0.01305,
        "delta": -0.0017500000000000016
      }
    }
  }
}