{
  "metrics": {
    "k=1": {
      "ndcg": {
        "reranked": 0.37,
        "initial": 0.5903,
        "delta": -0.22030000000000005
      },
      "map": {
        "reranked": 0.34667,
        "initial": 0.51365,
        "delta": -0.16698000000000007
      },
      "recall": {
        "reranked": 0.34667,
        "initial": 0.51365,
        "delta": -0.16698000000000007
      },
      "precision": {
        "reranked": 0.37,
        "initial": 0.5903,
        "delta": -0.22030000000000005
      }
    },
    "k=3": {
      "ndcg": {
        "reranked": 0.44444,
        "initial": 0.63456,
        "delta": -0.19012
      },
      "map": {
        "reranked": 0.41739,
        "initial": 0.5956,
        "delta": -0.17821000000000004
      },
      "recall": {
        "reranked": 0.49533,
        "initial": 0.6637,
        "delta": -0.16836999999999996
      },
      "precision": {
        "reranked": 0.18333,
        "initial": 0.27373,
        "delta": -0.09039999999999998
      }
    },
    "k=5": {
      "ndcg": {
        "reranked": 0.47775,
        "initial": 0.6551,
        "delta": -0.17735
      },
      "map": {
        "reranked": 0.43806,
        "initial": 0.61209,
        "delta": -0.17403000000000002
      },
      "recall": {
        "reranked": 0.574,
        "initial": 0.71943,
        "delta": -0.14543000000000006
      },
      "precision": {
        "reranked": 0.13,
        "initial": 0.18244,
        "delta": -0.05243999999999999
      }
    },
    "k=10": {
      "ndcg": {
        "reranked": 0.50153,
        "initial": 0.67706,
        "delta": -0.17552999999999996
      },
      "map": {
        "reranked": 0.44797,
        "initial": 0.62399,
        "delta": -0.17602000000000007
      },
      "recall": {
        "reranked": 0.64233,
        "initial": 0.78481,
        "delta": -0.14248000000000005
      },
      "precision": {
        "reranked": 0.075,
        "initial": 0.10263,
        "delta": -0.027630000000000002
      }
    },
    "k=20": {
      "ndcg": {
        "reranked": 0.528,
        "initial": 0.69139,
        "delta": -0.16338999999999992
      },
      "map": {
        "reranked": 0.45583,
        "initial": 0.62929,
        "delta": -0.17346
      },
      "recall": {
        "reranked": 0.73467,
        "initial": 0.83558,
        "delta": -0.10090999999999994
      },
      "precision": {
        "reranked": 0.045,
        "initial": 0.05629,
        "delta": -0.011290000000000001
      }
    },
    "k=100": {
      "ndcg": {
        "reranked": 0.55789,
        "initial": 0.70961,
        "delta": -0.15171999999999997
      },
      "map": {
        "reranked": 0.4601,
        "initial": 0.63283,
        "delta": -0.17273
      },
      "recall": {
        "reranked": 0.88667,
        "initial": 0.91927,
        "delta": -0.03260000000000007
      },
      "precision": {
        "reranked": 0.0113,
        "initial": 0.01305,
        "delta": -0.0017500000000000016
      }
    }
  }
}