{
  "metrics": {
    "k=1": {
      "ndcg": {
        "reranked": 0.58,
        "initial": 0.5903,
        "delta": -0.010300000000000087
      },
      "map": {
        "reranked": 0.49383,
        "initial": 0.51365,
        "delta": -0.01982000000000006
      },
      "recall": {
        "reranked": 0.49383,
        "initial": 0.51365,
        "delta": -0.01982000000000006
      },
      "precision": {
        "reranked": 0.58,
        "initial": 0.5903,
        "delta": -0.010300000000000087
      }
    },
    "k=3": {
      "ndcg": {
        "reranked": 0.63211,
        "initial": 0.63456,
        "delta": -0.0024500000000000632
      },
      "map": {
        "reranked": 0.592,
        "initial": 0.5956,
        "delta": -0.0036000000000000476
      },
      "recall": {
        "reranked": 0.64783,
        "initial": 0.6637,
        "delta": -0.01586999999999994
      },
      "precision": {
        "reranked": 0.28667,
        "initial": 0.27373,
        "delta": 0.012940000000000007
      }
    },
    "k=5": {
      "ndcg": {
        "reranked": 0.64167,
        "initial": 0.6551,
        "delta": -0.013430000000000053
      },
      "map": {
        "reranked": 0.60402,
        "initial": 0.61209,
        "delta": -0.008070000000000022
      },
      "recall": {
        "reranked": 0.68517,
        "initial": 0.71943,
        "delta": -0.03426000000000007
      },
      "precision": {
        "reranked": 0.188,
        "initial": 0.18244,
        "delta": 0.005560000000000009
      }
    },
    "k=10": {
      "ndcg": {
        "reranked": 0.65957,
        "initial": 0.67706,
        "delta": -0.017490000000000006
      },
      "map": {
        "reranked": 0.61628,
        "initial": 0.62399,
        "delta": -0.007709999999999995
      },
      "recall": {
        "reranked": 0.73311,
        "initial": 0.78481,
        "delta": -0.05169999999999997
      },
      "precision": {
        "reranked": 0.11,
        "initial": 0.10263,
        "delta": 0.0073700000000000015
      }
    },
    "k=20": {
      "ndcg": {
        "reranked": 0.6717,
        "initial": 0.69139,
        "delta": -0.019689999999999985
      },
      "map": {
        "reranked": 0.62306,
        "initial": 0.62929,
        "delta": -0.006230000000000069
      },
      "recall": {
        "reranked": 0.78044,
        "initial": 0.83558,
        "delta": -0.05513999999999997
      },
      "precision": {
        "reranked": 0.0615,
        "initial": 0.05629,
        "delta": 0.005209999999999999
      }
    },
    "k=100": {
      "ndcg": {
        "reranked": 0.70155,
        "initial": 0.70961,
        "delta": -0.008059999999999956
      },
      "map": {
        "reranked": 0.62857,
        "initial": 0.63283,
        "delta": -0.0042600000000000415
      },
      "recall": {
        "reranked": 0.91595,
        "initial": 0.91927,
        "delta": -0.0033199999999999896
      },
      "precision": {
        "reranked": 0.0159,
        "initial": 0.01305,
        "delta": 0.00285
      }
    }
  }
}