{
  "metrics": {
    "k=1": {
      "ndcg": {
        "reranked": 0.58,
        "initial": 0.5903,
        "delta": -0.010300000000000087
      },
      "map": {
        "reranked": 0.49383,
        "initial": 0.51365,
        "delta": -0.01982000000000006
      },
      "recall": {
        "reranked": 0.49383,
        "initial": 0.51365,
        "delta": -0.01982000000000006
      },
      "precision": {
        "reranked": 0.58,
        "initial": 0.5903,
        "delta": -0.010300000000000087
      }
    },
    "k=3": {
      "ndcg": {
        "reranked": 0.63273,
        "initial": 0.63456,
        "delta": -0.0018299999999999983
      },
      "map": {
        "reranked": 0.59208,
        "initial": 0.5956,
        "delta": -0.0035199999999999676
      },
      "recall": {
        "reranked": 0.64783,
        "initial": 0.6637,
        "delta": -0.01586999999999994
      },
      "precision": {
        "reranked": 0.28667,
        "initial": 0.27373,
        "delta": 0.012940000000000007
      }
    },
    "k=5": {
      "ndcg": {
        "reranked": 0.64211,
        "initial": 0.6551,
        "delta": -0.012990000000000057
      },
      "map": {
        "reranked": 0.60411,
        "initial": 0.61209,
        "delta": -0.007979999999999987
      },
      "recall": {
        "reranked": 0.68517,
        "initial": 0.71943,
        "delta": -0.03426000000000007
      },
      "precision": {
        "reranked": 0.188,
        "initial": 0.18244,
        "delta": 0.005560000000000009
      }
    },
    "k=10": {
      "ndcg": {
        "reranked": 0.65985,
        "initial": 0.67706,
        "delta": -0.017209999999999948
      },
      "map": {
        "reranked": 0.61636,
        "initial": 0.62399,
        "delta": -0.007630000000000026
      },
      "recall": {
        "reranked": 0.73311,
        "initial": 0.78481,
        "delta": -0.05169999999999997
      },
      "precision": {
        "reranked": 0.11,
        "initial": 0.10263,
        "delta": 0.0073700000000000015
      }
    },
    "k=20": {
      "ndcg": {
        "reranked": 0.67189,
        "initial": 0.69139,
        "delta": -0.019499999999999962
      },
      "map": {
        "reranked": 0.62314,
        "initial": 0.62929,
        "delta": -0.006149999999999989
      },
      "recall": {
        "reranked": 0.78044,
        "initial": 0.83558,
        "delta": -0.05513999999999997
      },
      "precision": {
        "reranked": 0.0615,
        "initial": 0.05629,
        "delta": 0.005209999999999999
      }
    },
    "k=100": {
      "ndcg": {
        "reranked": 0.70175,
        "initial": 0.70961,
        "delta": -0.007859999999999978
      },
      "map": {
        "reranked": 0.62866,
        "initial": 0.63283,
        "delta": -0.004170000000000007
      },
      "recall": {
        "reranked": 0.91595,
        "initial": 0.91927,
        "delta": -0.0033199999999999896
      },
      "precision": {
        "reranked": 0.0159,
        "initial": 0.01305,
        "delta": 0.00285
      }
    }
  }
}