{
  "metrics": {
    "k=1": {
      "ndcg": {
        "reranked": 0.49,
        "initial": 0.5903,
        "delta": -0.10030000000000006
      },
      "map": {
        "reranked": 0.40467,
        "initial": 0.51365,
        "delta": -0.10898000000000008
      },
      "recall": {
        "reranked": 0.40467,
        "initial": 0.51365,
        "delta": -0.10898000000000008
      },
      "precision": {
        "reranked": 0.49,
        "initial": 0.5903,
        "delta": -0.10030000000000006
      }
    },
    "k=3": {
      "ndcg": {
        "reranked": 0.53793,
        "initial": 0.63456,
        "delta": -0.09663
      },
      "map": {
        "reranked": 0.49308,
        "initial": 0.5956,
        "delta": -0.10252
      },
      "recall": {
        "reranked": 0.56683,
        "initial": 0.6637,
        "delta": -0.09687000000000001
      },
      "precision": {
        "reranked": 0.23667,
        "initial": 0.27373,
        "delta": -0.03705999999999998
      }
    },
    "k=5": {
      "ndcg": {
        "reranked": 0.54963,
        "initial": 0.6551,
        "delta": -0.10547000000000006
      },
      "map": {
        "reranked": 0.5074,
        "initial": 0.61209,
        "delta": -0.10469000000000006
      },
      "recall": {
        "reranked": 0.59876,
        "initial": 0.71943,
        "delta": -0.12067000000000005
      },
      "precision": {
        "reranked": 0.162,
        "initial": 0.18244,
        "delta": -0.020439999999999986
      }
    },
    "k=10": {
      "ndcg": {
        "reranked": 0.58002,
        "initial": 0.67706,
        "delta": -0.09704000000000002
      },
      "map": {
        "reranked": 0.52284,
        "initial": 0.62399,
        "delta": -0.10115000000000007
      },
      "recall": {
        "reranked": 0.68676,
        "initial": 0.78481,
        "delta": -0.09804999999999997
      },
      "precision": {
        "reranked": 0.099,
        "initial": 0.10263,
        "delta": -0.0036299999999999943
      }
    },
    "k=20": {
      "ndcg": {
        "reranked": 0.60524,
        "initial": 0.69139,
        "delta": -0.08614999999999995
      },
      "map": {
        "reranked": 0.53446,
        "initial": 0.62929,
        "delta": -0.09482999999999997
      },
      "recall": {
        "reranked": 0.77561,
        "initial": 0.83558,
        "delta": -0.05996999999999997
      },
      "precision": {
        "reranked": 0.0615,
        "initial": 0.05629,
        "delta": 0.005209999999999999
      }
    },
    "k=100": {
      "ndcg": {
        "reranked": 0.63546,
        "initial": 0.70961,
        "delta": -0.07414999999999994
      },
      "map": {
        "reranked": 0.53947,
        "initial": 0.63283,
        "delta": -0.09336
      },
      "recall": {
        "reranked": 0.91595,
        "initial": 0.91927,
        "delta": -0.0033199999999999896
      },
      "precision": {
        "reranked": 0.0159,
        "initial": 0.01305,
        "delta": 0.00285
      }
    }
  }
}