{
  "metrics": {
    "k=1": {
      "ndcg": {
        "reranked": 0.54,
        "initial": 0.5903,
        "delta": -0.05030000000000001
      },
      "map": {
        "reranked": 0.4605,
        "initial": 0.51365,
        "delta": -0.05315000000000003
      },
      "recall": {
        "reranked": 0.4605,
        "initial": 0.51365,
        "delta": -0.05315000000000003
      },
      "precision": {
        "reranked": 0.54,
        "initial": 0.5903,
        "delta": -0.05030000000000001
      }
    },
    "k=3": {
      "ndcg": {
        "reranked": 0.61629,
        "initial": 0.63456,
        "delta": -0.01827000000000001
      },
      "map": {
        "reranked": 0.57014,
        "initial": 0.5956,
        "delta": -0.025460000000000038
      },
      "recall": {
        "reranked": 0.6445,
        "initial": 0.6637,
        "delta": -0.019199999999999995
      },
      "precision": {
        "reranked": 0.28667,
        "initial": 0.27373,
        "delta": 0.012940000000000007
      }
    },
    "k=5": {
      "ndcg": {
        "reranked": 0.62671,
        "initial": 0.6551,
        "delta": -0.028390000000000026
      },
      "map": {
        "reranked": 0.58415,
        "initial": 0.61209,
        "delta": -0.027940000000000076
      },
      "recall": {
        "reranked": 0.68226,
        "initial": 0.71943,
        "delta": -0.037170000000000036
      },
      "precision": {
        "reranked": 0.194,
        "initial": 0.18244,
        "delta": 0.011560000000000015
      }
    },
    "k=10": {
      "ndcg": {
        "reranked": 0.64013,
        "initial": 0.67706,
        "delta": -0.03693000000000002
      },
      "map": {
        "reranked": 0.59356,
        "initial": 0.62399,
        "delta": -0.030430000000000068
      },
      "recall": {
        "reranked": 0.72311,
        "initial": 0.78481,
        "delta": -0.06169999999999998
      },
      "precision": {
        "reranked": 0.109,
        "initial": 0.10263,
        "delta": 0.006370000000000001
      }
    },
    "k=20": {
      "ndcg": {
        "reranked": 0.65536,
        "initial": 0.69139,
        "delta": -0.036029999999999895
      },
      "map": {
        "reranked": 0.60087,
        "initial": 0.62929,
        "delta": -0.02842
      },
      "recall": {
        "reranked": 0.78487,
        "initial": 0.83558,
        "delta": -0.05071000000000003
      },
      "precision": {
        "reranked": 0.0615,
        "initial": 0.05629,
        "delta": 0.005209999999999999
      }
    },
    "k=100": {
      "ndcg": {
        "reranked": 0.68426,
        "initial": 0.70961,
        "delta": -0.025349999999999984
      },
      "map": {
        "reranked": 0.60601,
        "initial": 0.63283,
        "delta": -0.026819999999999955
      },
      "recall": {
        "reranked": 0.91595,
        "initial": 0.91927,
        "delta": -0.0033199999999999896
      },
      "precision": {
        "reranked": 0.0159,
        "initial": 0.01305,
        "delta": 0.00285
      }
    }
  }
}