{
  "metrics": {
    "k=1": {
      "ndcg": {
        "reranked": 0.56,
        "initial": 0.5903,
        "delta": -0.030299999999999994
      },
      "map": {
        "reranked": 0.47383,
        "initial": 0.51365,
        "delta": -0.03982000000000008
      },
      "recall": {
        "reranked": 0.47383,
        "initial": 0.51365,
        "delta": -0.03982000000000008
      },
      "precision": {
        "reranked": 0.56,
        "initial": 0.5903,
        "delta": -0.030299999999999994
      }
    },
    "k=3": {
      "ndcg": {
        "reranked": 0.6094,
        "initial": 0.63456,
        "delta": -0.02515999999999996
      },
      "map": {
        "reranked": 0.5695,
        "initial": 0.5956,
        "delta": -0.026100000000000012
      },
      "recall": {
        "reranked": 0.632,
        "initial": 0.6637,
        "delta": -0.03169999999999995
      },
      "precision": {
        "reranked": 0.27667,
        "initial": 0.27373,
        "delta": 0.0029400000000000537
      }
    },
    "k=5": {
      "ndcg": {
        "reranked": 0.61864,
        "initial": 0.6551,
        "delta": -0.03646000000000005
      },
      "map": {
        "reranked": 0.57964,
        "initial": 0.61209,
        "delta": -0.03244999999999998
      },
      "recall": {
        "reranked": 0.6646,
        "initial": 0.71943,
        "delta": -0.054830000000000045
      },
      "precision": {
        "reranked": 0.184,
        "initial": 0.18244,
        "delta": 0.0015600000000000058
      }
    },
    "k=10": {
      "ndcg": {
        "reranked": 0.64196,
        "initial": 0.67706,
        "delta": -0.03510000000000002
      },
      "map": {
        "reranked": 0.5943,
        "initial": 0.62399,
        "delta": -0.029689999999999994
      },
      "recall": {
        "reranked": 0.73186,
        "initial": 0.78481,
        "delta": -0.05295000000000005
      },
      "precision": {
        "reranked": 0.109,
        "initial": 0.10263,
        "delta": 0.006370000000000001
      }
    },
    "k=20": {
      "ndcg": {
        "reranked": 0.64992,
        "initial": 0.69139,
        "delta": -0.041469999999999896
      },
      "map": {
        "reranked": 0.59957,
        "initial": 0.62929,
        "delta": -0.02971999999999997
      },
      "recall": {
        "reranked": 0.76362,
        "initial": 0.83558,
        "delta": -0.07196000000000002
      },
      "precision": {
        "reranked": 0.06,
        "initial": 0.05629,
        "delta": 0.003709999999999998
      }
    },
    "k=100": {
      "ndcg": {
        "reranked": 0.68309,
        "initial": 0.70961,
        "delta": -0.026519999999999988
      },
      "map": {
        "reranked": 0.60521,
        "initial": 0.63283,
        "delta": -0.027619999999999978
      },
      "recall": {
        "reranked": 0.91595,
        "initial": 0.91927,
        "delta": -0.0033199999999999896
      },
      "precision": {
        "reranked": 0.0159,
        "initial": 0.01305,
        "delta": 0.00285
      }
    }
  }
}