token,display_token,position,importance_score
▁obey,▁obey,6,0.05600927168628363
▁be,▁be,5,0.05583921720975954
▁laws,▁laws,3,0.05567975194039404
ed,ed,7,0.055630851065269535
▁must,▁must,4,0.054043294042468965
▁when,▁when,8,0.05397503190531273
▁similarity,▁similarity,2,0.05371520950771198
▁construct,▁construct,9,0.05317141972937094
ing,ing,10,0.052495439777792266
▁a,▁a,11,0.05033275610731586
ero,ero,12,0.04929489067511022
astic,astic,14,0.04759706143885273
el,el,13,0.046860924266870385
▁What,▁What,1,0.044388731408852765
▁models,▁models,15,0.039653101493994175
▁of,▁of,16,0.039589196869865215
▁he,▁he,17,0.03531540225134398
ated,ated,18,0.035284652307585276
▁speed,▁speed,20,0.031984095788370956
▁high,▁high,19,0.031202439591792187
▁aircraft,▁aircraft,21,0.031006598413161078
.,.,22,0.02693066252252157
