step,dtw,layer_0,layer_3,layer_6,layer_9,layer_12,layer_15,layer_18,layer_21
2,131.9336998462677,0.09509620058815926,0.06979903019964695,0.06383203505538404,0.06448723888024688,0.0661842490080744,0.06437990081030875,0.06456219044048339,0.06719844683539122
4,126.36856698989868,0.09981885855086148,0.0717922420008108,0.06779624347109348,0.06714801699854434,0.06786649918649346,0.06678144331090152,0.06807364104315639,0.07057322422042489
6,122.85852384567261,0.09574509703088552,0.06531250628177077,0.06453954777680337,0.06271280150394887,0.06440881255548447,0.06458397838287055,0.06739937653765082,0.07047027873340994
8,119.05956816673279,0.09750667272601277,0.07012840907555073,0.06432880542706698,0.06567715853452682,0.06790214171633124,0.06680315406993032,0.06775765505153686,0.0703853985760361
