{
  "metrics": {
    "k=1": {
      "ndcg": {
        "reranked": 0.49,
        "initial": 0.5903,
        "delta": -0.10030000000000006
      },
      "map": {
        "reranked": 0.44667,
        "initial": 0.51365,
        "delta": -0.06698000000000004
      },
      "recall": {
        "reranked": 0.44667,
        "initial": 0.51365,
        "delta": -0.06698000000000004
      },
      "precision": {
        "reranked": 0.49,
        "initial": 0.5903,
        "delta": -0.10030000000000006
      }
    },
    "k=3": {
      "ndcg": {
        "reranked": 0.56322,
        "initial": 0.63456,
        "delta": -0.07133999999999996
      },
      "map": {
        "reranked": 0.53403,
        "initial": 0.5956,
        "delta": -0.061570000000000014
      },
      "recall": {
        "reranked": 0.60833,
        "initial": 0.6637,
        "delta": -0.05536999999999992
      },
      "precision": {
        "reranked": 0.24,
        "initial": 0.27373,
        "delta": -0.03372999999999998
      }
    },
    "k=5": {
      "ndcg": {
        "reranked": 0.58323,
        "initial": 0.6551,
        "delta": -0.07186999999999999
      },
      "map": {
        "reranked": 0.54974,
        "initial": 0.61209,
        "delta": -0.062350000000000017
      },
      "recall": {
        "reranked": 0.65417,
        "initial": 0.71943,
        "delta": -0.06525999999999998
      },
      "precision": {
        "reranked": 0.16,
        "initial": 0.18244,
        "delta": -0.022439999999999988
      }
    },
    "k=10": {
      "ndcg": {
        "reranked": 0.60708,
        "initial": 0.67706,
        "delta": -0.06998000000000004
      },
      "map": {
        "reranked": 0.5612,
        "initial": 0.62399,
        "delta": -0.06279000000000001
      },
      "recall": {
        "reranked": 0.7225,
        "initial": 0.78481,
        "delta": -0.062309999999999977
      },
      "precision": {
        "reranked": 0.088,
        "initial": 0.10263,
        "delta": -0.014630000000000004
      }
    },
    "k=20": {
      "ndcg": {
        "reranked": 0.62339,
        "initial": 0.69139,
        "delta": -0.06799999999999995
      },
      "map": {
        "reranked": 0.56666,
        "initial": 0.62929,
        "delta": -0.06262999999999996
      },
      "recall": {
        "reranked": 0.78083,
        "initial": 0.83558,
        "delta": -0.054749999999999965
      },
      "precision": {
        "reranked": 0.048,
        "initial": 0.05629,
        "delta": -0.008289999999999999
      }
    },
    "k=100": {
      "ndcg": {
        "reranked": 0.65596,
        "initial": 0.70961,
        "delta": -0.053649999999999975
      },
      "map": {
        "reranked": 0.57171,
        "initial": 0.63283,
        "delta": -0.06111999999999995
      },
      "recall": {
        "reranked": 0.9425,
        "initial": 0.91927,
        "delta": 0.023229999999999973
      },
      "precision": {
        "reranked": 0.0119,
        "initial": 0.01305,
        "delta": -0.00115
      }
    }
  }
}