{
  "metrics": {
    "k=1": {
      "ndcg": {
        "reranked": 0.5,
        "initial": 0.5903,
        "delta": -0.09030000000000005
      },
      "map": {
        "reranked": 0.45667,
        "initial": 0.51365,
        "delta": -0.05698000000000003
      },
      "recall": {
        "reranked": 0.45667,
        "initial": 0.51365,
        "delta": -0.05698000000000003
      },
      "precision": {
        "reranked": 0.5,
        "initial": 0.5903,
        "delta": -0.09030000000000005
      }
    },
    "k=3": {
      "ndcg": {
        "reranked": 0.56691,
        "initial": 0.63456,
        "delta": -0.06764999999999999
      },
      "map": {
        "reranked": 0.53903,
        "initial": 0.5956,
        "delta": -0.05657000000000001
      },
      "recall": {
        "reranked": 0.60833,
        "initial": 0.6637,
        "delta": -0.05536999999999992
      },
      "precision": {
        "reranked": 0.24,
        "initial": 0.27373,
        "delta": -0.03372999999999998
      }
    },
    "k=5": {
      "ndcg": {
        "reranked": 0.58736,
        "initial": 0.6551,
        "delta": -0.06774000000000002
      },
      "map": {
        "reranked": 0.55524,
        "initial": 0.61209,
        "delta": -0.05685000000000007
      },
      "recall": {
        "reranked": 0.65417,
        "initial": 0.71943,
        "delta": -0.06525999999999998
      },
      "precision": {
        "reranked": 0.16,
        "initial": 0.18244,
        "delta": -0.022439999999999988
      }
    },
    "k=10": {
      "ndcg": {
        "reranked": 0.61135,
        "initial": 0.67706,
        "delta": -0.06571000000000005
      },
      "map": {
        "reranked": 0.56684,
        "initial": 0.62399,
        "delta": -0.057150000000000034
      },
      "recall": {
        "reranked": 0.7225,
        "initial": 0.78481,
        "delta": -0.062309999999999977
      },
      "precision": {
        "reranked": 0.088,
        "initial": 0.10263,
        "delta": -0.014630000000000004
      }
    },
    "k=20": {
      "ndcg": {
        "reranked": 0.62924,
        "initial": 0.69139,
        "delta": -0.06214999999999993
      },
      "map": {
        "reranked": 0.5727,
        "initial": 0.62929,
        "delta": -0.05659000000000003
      },
      "recall": {
        "reranked": 0.78583,
        "initial": 0.83558,
        "delta": -0.04974999999999996
      },
      "precision": {
        "reranked": 0.0485,
        "initial": 0.05629,
        "delta": -0.007789999999999998
      }
    },
    "k=100": {
      "ndcg": {
        "reranked": 0.66053,
        "initial": 0.70961,
        "delta": -0.04908000000000001
      },
      "map": {
        "reranked": 0.57756,
        "initial": 0.63283,
        "delta": -0.05527000000000004
      },
      "recall": {
        "reranked": 0.9425,
        "initial": 0.91927,
        "delta": 0.023229999999999973
      },
      "precision": {
        "reranked": 0.0119,
        "initial": 0.01305,
        "delta": -0.00115
      }
    }
  }
}