{
  "metrics": {
    "k=1": {
      "ndcg": {
        "reranked": 0.49,
        "initial": 0.5903,
        "delta": -0.10030000000000006
      },
      "map": {
        "reranked": 0.45333,
        "initial": 0.51365,
        "delta": -0.06032000000000004
      },
      "recall": {
        "reranked": 0.45333,
        "initial": 0.51365,
        "delta": -0.06032000000000004
      },
      "precision": {
        "reranked": 0.49,
        "initial": 0.5903,
        "delta": -0.10030000000000006
      }
    },
    "k=3": {
      "ndcg": {
        "reranked": 0.5538,
        "initial": 0.63456,
        "delta": -0.08076000000000005
      },
      "map": {
        "reranked": 0.52653,
        "initial": 0.5956,
        "delta": -0.06906999999999996
      },
      "recall": {
        "reranked": 0.595,
        "initial": 0.6637,
        "delta": -0.06869999999999998
      },
      "precision": {
        "reranked": 0.23333,
        "initial": 0.27373,
        "delta": -0.040399999999999964
      }
    },
    "k=5": {
      "ndcg": {
        "reranked": 0.57385,
        "initial": 0.6551,
        "delta": -0.08125000000000004
      },
      "map": {
        "reranked": 0.53836,
        "initial": 0.61209,
        "delta": -0.07373000000000007
      },
      "recall": {
        "reranked": 0.64833,
        "initial": 0.71943,
        "delta": -0.07110000000000005
      },
      "precision": {
        "reranked": 0.152,
        "initial": 0.18244,
        "delta": -0.030439999999999995
      }
    },
    "k=10": {
      "ndcg": {
        "reranked": 0.59269,
        "initial": 0.67706,
        "delta": -0.08436999999999995
      },
      "map": {
        "reranked": 0.54745,
        "initial": 0.62399,
        "delta": -0.07654000000000005
      },
      "recall": {
        "reranked": 0.69833,
        "initial": 0.78481,
        "delta": -0.08648
      },
      "precision": {
        "reranked": 0.086,
        "initial": 0.10263,
        "delta": -0.016630000000000006
      }
    },
    "k=20": {
      "ndcg": {
        "reranked": 0.6181,
        "initial": 0.69139,
        "delta": -0.07328999999999997
      },
      "map": {
        "reranked": 0.55574,
        "initial": 0.62929,
        "delta": -0.07355
      },
      "recall": {
        "reranked": 0.79083,
        "initial": 0.83558,
        "delta": -0.044749999999999956
      },
      "precision": {
        "reranked": 0.0495,
        "initial": 0.05629,
        "delta": -0.006789999999999997
      }
    },
    "k=100": {
      "ndcg": {
        "reranked": 0.64764,
        "initial": 0.70961,
        "delta": -0.06196999999999997
      },
      "map": {
        "reranked": 0.56011,
        "initial": 0.63283,
        "delta": -0.07272
      },
      "recall": {
        "reranked": 0.9425,
        "initial": 0.91927,
        "delta": 0.023229999999999973
      },
      "precision": {
        "reranked": 0.0119,
        "initial": 0.01305,
        "delta": -0.00115
      }
    }
  }
}