{
  "metrics": {
    "k=1": {
      "ndcg": {
        "reranked": 0.49,
        "initial": 0.5903,
        "delta": -0.10030000000000006
      },
      "map": {
        "reranked": 0.43583,
        "initial": 0.51365,
        "delta": -0.07782000000000006
      },
      "recall": {
        "reranked": 0.43583,
        "initial": 0.51365,
        "delta": -0.07782000000000006
      },
      "precision": {
        "reranked": 0.49,
        "initial": 0.5903,
        "delta": -0.10030000000000006
      }
    },
    "k=3": {
      "ndcg": {
        "reranked": 0.51829,
        "initial": 0.63456,
        "delta": -0.11626999999999998
      },
      "map": {
        "reranked": 0.48778,
        "initial": 0.5956,
        "delta": -0.10782000000000003
      },
      "recall": {
        "reranked": 0.545,
        "initial": 0.6637,
        "delta": -0.11869999999999992
      },
      "precision": {
        "reranked": 0.21,
        "initial": 0.27373,
        "delta": -0.06372999999999998
      }
    },
    "k=5": {
      "ndcg": {
        "reranked": 0.5534,
        "initial": 0.6551,
        "delta": -0.10170000000000001
      },
      "map": {
        "reranked": 0.51107,
        "initial": 0.61209,
        "delta": -0.10102
      },
      "recall": {
        "reranked": 0.62917,
        "initial": 0.71943,
        "delta": -0.09026
      },
      "precision": {
        "reranked": 0.15,
        "initial": 0.18244,
        "delta": -0.03244
      }
    },
    "k=10": {
      "ndcg": {
        "reranked": 0.58545,
        "initial": 0.67706,
        "delta": -0.09160999999999997
      },
      "map": {
        "reranked": 0.52621,
        "initial": 0.62399,
        "delta": -0.09778000000000009
      },
      "recall": {
        "reranked": 0.72417,
        "initial": 0.78481,
        "delta": -0.06064000000000003
      },
      "precision": {
        "reranked": 0.088,
        "initial": 0.10263,
        "delta": -0.014630000000000004
      }
    },
    "k=20": {
      "ndcg": {
        "reranked": 0.6005,
        "initial": 0.69139,
        "delta": -0.09088999999999992
      },
      "map": {
        "reranked": 0.53037,
        "initial": 0.62929,
        "delta": -0.09892000000000001
      },
      "recall": {
        "reranked": 0.78083,
        "initial": 0.83558,
        "delta": -0.054749999999999965
      },
      "precision": {
        "reranked": 0.048,
        "initial": 0.05629,
        "delta": -0.008289999999999999
      }
    },
    "k=100": {
      "ndcg": {
        "reranked": 0.6332,
        "initial": 0.70961,
        "delta": -0.07640999999999998
      },
      "map": {
        "reranked": 0.53601,
        "initial": 0.63283,
        "delta": -0.09682000000000002
      },
      "recall": {
        "reranked": 0.9425,
        "initial": 0.91927,
        "delta": 0.023229999999999973
      },
      "precision": {
        "reranked": 0.0119,
        "initial": 0.01305,
        "delta": -0.00115
      }
    }
  }
}