{
  "metrics": {
    "k=1": {
      "ndcg": {
        "reranked": 0.5,
        "initial": 0.5903,
        "delta": -0.09030000000000005
      },
      "map": {
        "reranked": 0.46333,
        "initial": 0.51365,
        "delta": -0.05032000000000003
      },
      "recall": {
        "reranked": 0.46333,
        "initial": 0.51365,
        "delta": -0.05032000000000003
      },
      "precision": {
        "reranked": 0.5,
        "initial": 0.5903,
        "delta": -0.09030000000000005
      }
    },
    "k=3": {
      "ndcg": {
        "reranked": 0.57294,
        "initial": 0.63456,
        "delta": -0.06162000000000001
      },
      "map": {
        "reranked": 0.54431,
        "initial": 0.5956,
        "delta": -0.05129000000000006
      },
      "recall": {
        "reranked": 0.61667,
        "initial": 0.6637,
        "delta": -0.047029999999999905
      },
      "precision": {
        "reranked": 0.24,
        "initial": 0.27373,
        "delta": -0.03372999999999998
      }
    },
    "k=5": {
      "ndcg": {
        "reranked": 0.59793,
        "initial": 0.6551,
        "delta": -0.057170000000000054
      },
      "map": {
        "reranked": 0.56147,
        "initial": 0.61209,
        "delta": -0.05062
      },
      "recall": {
        "reranked": 0.67333,
        "initial": 0.71943,
        "delta": -0.04610000000000003
      },
      "precision": {
        "reranked": 0.162,
        "initial": 0.18244,
        "delta": -0.020439999999999986
      }
    },
    "k=10": {
      "ndcg": {
        "reranked": 0.61353,
        "initial": 0.67706,
        "delta": -0.06352999999999998
      },
      "map": {
        "reranked": 0.56954,
        "initial": 0.62399,
        "delta": -0.05445
      },
      "recall": {
        "reranked": 0.72,
        "initial": 0.78481,
        "delta": -0.06481000000000003
      },
      "precision": {
        "reranked": 0.087,
        "initial": 0.10263,
        "delta": -0.015630000000000005
      }
    },
    "k=20": {
      "ndcg": {
        "reranked": 0.6371,
        "initial": 0.69139,
        "delta": -0.05428999999999995
      },
      "map": {
        "reranked": 0.57727,
        "initial": 0.62929,
        "delta": -0.052020000000000066
      },
      "recall": {
        "reranked": 0.80083,
        "initial": 0.83558,
        "delta": -0.03474999999999995
      },
      "precision": {
        "reranked": 0.0505,
        "initial": 0.05629,
        "delta": -0.0057899999999999965
      }
    },
    "k=100": {
      "ndcg": {
        "reranked": 0.66424,
        "initial": 0.70961,
        "delta": -0.04536999999999991
      },
      "map": {
        "reranked": 0.58121,
        "initial": 0.63283,
        "delta": -0.05162
      },
      "recall": {
        "reranked": 0.9425,
        "initial": 0.91927,
        "delta": 0.023229999999999973
      },
      "precision": {
        "reranked": 0.0119,
        "initial": 0.01305,
        "delta": -0.00115
      }
    }
  }
}