{
  "metrics": {
    "k=1": {
      "ndcg": {
        "reranked": 0.5,
        "initial": 0.5903,
        "delta": -0.09030000000000005
      },
      "map": {
        "reranked": 0.46333,
        "initial": 0.51365,
        "delta": -0.05032000000000003
      },
      "recall": {
        "reranked": 0.46333,
        "initial": 0.51365,
        "delta": -0.05032000000000003
      },
      "precision": {
        "reranked": 0.5,
        "initial": 0.5903,
        "delta": -0.09030000000000005
      }
    },
    "k=3": {
      "ndcg": {
        "reranked": 0.55663,
        "initial": 0.63456,
        "delta": -0.07793000000000005
      },
      "map": {
        "reranked": 0.53208,
        "initial": 0.5956,
        "delta": -0.06352000000000002
      },
      "recall": {
        "reranked": 0.5875,
        "initial": 0.6637,
        "delta": -0.07619999999999993
      },
      "precision": {
        "reranked": 0.23,
        "initial": 0.27373,
        "delta": -0.04372999999999996
      }
    },
    "k=5": {
      "ndcg": {
        "reranked": 0.57306,
        "initial": 0.6551,
        "delta": -0.08204
      },
      "map": {
        "reranked": 0.54292,
        "initial": 0.61209,
        "delta": -0.06917000000000006
      },
      "recall": {
        "reranked": 0.6275,
        "initial": 0.71943,
        "delta": -0.09193000000000007
      },
      "precision": {
        "reranked": 0.15,
        "initial": 0.18244,
        "delta": -0.03244
      }
    },
    "k=10": {
      "ndcg": {
        "reranked": 0.60357,
        "initial": 0.67706,
        "delta": -0.07348999999999994
      },
      "map": {
        "reranked": 0.55703,
        "initial": 0.62399,
        "delta": -0.06696000000000002
      },
      "recall": {
        "reranked": 0.71667,
        "initial": 0.78481,
        "delta": -0.06813999999999998
      },
      "precision": {
        "reranked": 0.087,
        "initial": 0.10263,
        "delta": -0.015630000000000005
      }
    },
    "k=20": {
      "ndcg": {
        "reranked": 0.63045,
        "initial": 0.69139,
        "delta": -0.060939999999999994
      },
      "map": {
        "reranked": 0.56613,
        "initial": 0.62929,
        "delta": -0.06316
      },
      "recall": {
        "reranked": 0.81083,
        "initial": 0.83558,
        "delta": -0.02474999999999994
      },
      "precision": {
        "reranked": 0.051,
        "initial": 0.05629,
        "delta": -0.005290000000000003
      }
    },
    "k=100": {
      "ndcg": {
        "reranked": 0.65541,
        "initial": 0.70961,
        "delta": -0.054199999999999915
      },
      "map": {
        "reranked": 0.56972,
        "initial": 0.63283,
        "delta": -0.06311
      },
      "recall": {
        "reranked": 0.9425,
        "initial": 0.91927,
        "delta": 0.023229999999999973
      },
      "precision": {
        "reranked": 0.0119,
        "initial": 0.01305,
        "delta": -0.00115
      }
    }
  }
}