step,dtw,layer_0,layer_3,layer_6,layer_9,layer_12,layer_15,layer_18,layer_21
2,128.68215918540955,0.13802213198505342,0.11533306678757071,0.11091100750491023,0.11427238374017179,0.11747436784207821,0.11391173978336155,0.11170994071289897,0.11484563909471035
4,129.87002730369568,0.14174139266833663,0.11318737035617232,0.10776832629926503,0.10921999369747937,0.11078406078740954,0.11139848688617349,0.1109307014849037,0.1137798868585378
